crashid,location,severity_rating5,intersection,alcohol_involved,hazmat_involved,hs_collision_type,crash_type,road_sys_code,road_horiz_align_code,road_grade_code,road_surf_code,surf_cond_code,light_cond_code,environ_cond_code,road_median_code,temp_traffic_zone,posted_speed,first_harmful_event,flg_cell_in_use
04-09-2017-17-023010,CAMDEN-CHERRY HILL TWP,4,Y,N,N,2,3,5,1,4,1,2,1,2,5,1,40,26,N
04-09-2017-17-104661,CAMDEN-CHERRY HILL TWP,4,N,N,N,2,99,2,1,4,2,1,1,1,3,1,45,99,N
04-09-2017-D020-2017-00656A,CAMDEN-CHERRY HILL TWP,5,N,Y,N,7,4,3,1,4,2,1,5,1,1,1,65,26,N
04-09-2017-17-011202,CAMDEN-CHERRY HILL TWP,4,Y,N,N,4,3,7,1,4,2,1,1,1,5,1,25,26,N
04-09-2017-17-066161,CAMDEN-CHERRY HILL TWP,5,Y,N,N,1,13,2,1,6,2,1,7,1,1,1,50,22,N
04-09-2017-17-096531,CAMDEN-CHERRY HILL TWP,5,N,N,N,2,3,9,1,4,2,1,1,1,5,1,,26,N
04-09-2017-A310-2017-01251A,CAMDEN-CHERRY HILL TWP,4,N,Y,N,2,1,1,1,4,2,1,1,1,1,1,55,26,N
04-09-2017-17-077364,CAMDEN-CHERRY HILL TWP,4,Y,N,N,1,13,2,1,4,2,1,7,1,1,1,50,26,N
04-09-2017-17-028562,CAMDEN-CHERRY HILL TWP,4,N,N,N,2,2,2,1,4,2,1,1,1,3,1,45,26,N
04-09-2017-17-040102,CAMDEN-CHERRY HILL TWP,4,N,N,N,4,4,2,1,4,2,2,1,2,2,,45,26,N
04-09-2017-17-102584,CAMDEN-CHERRY HILL TWP,5,N,N,N,2,5,5,1,4,2,1,2,1,5,1,40,26,N
04-09-2017-17-100458,CAMDEN-CHERRY HILL TWP,4,Y,N,N,7,11,7,1,4,2,1,1,1,,1,25,56,N
04-09-2017-17-064226,CAMDEN-CHERRY HILL TWP,5,N,Y,N,2,3,2,1,4,2,1,6,5,5,1,45,26,N
04-09-2017-17-005055,CAMDEN-CHERRY HILL TWP,5,Y,N,N,2,3,2,1,5,2,2,1,5,5,1,40,26,N
04-09-2017-D020-2017-00719A,CAMDEN-CHERRY HILL TWP,5,N,N,N,1,13,3,1,4,2,1,3,1,1,1,65,22,N
04-09-2017-17-096076,CAMDEN-CHERRY HILL TWP,4,N,N,N,2,1,2,1,6,2,2,7,2,1,1,50,26,N
04-11-2017-2017-01769,CAMDEN-CLEMENTON BORO,4,Y,N,N,2,7,5,1,6,2,2,6,2,5,1,35,26,N
04-11-2017-2017-05085,CAMDEN-CLEMENTON BORO,5,N,N,N,1,13,2,1,4,2,1,6,1,5,1,45,26,N
04-11-2017-2017-05942,CAMDEN-CLEMENTON BORO,5,Y,N,N,7,3,2,1,4,2,2,3,1,5,1,40,26,N
04-13-2017-2017-00079,CAMDEN-GIBBSBORO BORO,4,N,N,N,7,11,5,1,4,2,2,6,1,5,1,25,52,Y
04-14-2017-A310-2017-00849A,CAMDEN-GLOUCESTER CITY,4,N,Y,N,4,11,1,1,4,2,1,7,1,1,1,45,48,N
04-14-2017-2017-01601,CAMDEN-GLOUCESTER CITY,4,N,Y,N,2,6,7,1,4,2,1,1,1,5,1,25,28,N
04-15-2017-2017-053598,CAMDEN-GLOUCESTER TWP,4,Y,N,N,2,7,5,1,5,2,2,6,2,5,1,45,26,N
04-15-2017-2017-049988,CAMDEN-GLOUCESTER TWP,5,N,Y,N,2,4,5,1,4,2,1,1,1,5,1,60,26,N
04-15-2017-2017-028080,CAMDEN-GLOUCESTER TWP,5,Y,N,N,2,3,5,1,4,1,2,1,2,4,1,35,26,N
04-15-2017-2017-019890,CAMDEN-GLOUCESTER TWP,4,N,Y,N,4,10,7,1,4,2,2,6,2,5,1,35,,N
04-15-2017-A310-2017-02533A,CAMDEN-GLOUCESTER TWP,4,N,Y,N,4,11,2,1,4,1,1,5,1,3,1,55,69,N
04-15-2017-A310-2017-01724A,CAMDEN-GLOUCESTER TWP,4,N,N,N,7,1,2,1,4,1,1,6,1,3,1,55,26,N
04-15-2017-2017-025569,CAMDEN-GLOUCESTER TWP,4,N,Y,N,7,11,9,1,4,1,1,3,1,5,1,,69,N
04-15-2017-2017-038167,CAMDEN-GLOUCESTER TWP,4,N,Y,N,4,11,7,1,4,2,1,1,1,5,1,25,69,N
04-15-2017-2017-053665,CAMDEN-GLOUCESTER TWP,4,Y,N,N,2,7,5,3,5,2,2,1,2,5,1,35,26,N
04-15-2017-2017-054427,CAMDEN-GLOUCESTER TWP,5,N,N,N,4,11,5,1,5,2,1,6,1,5,1,35,56,N
04-15-2017-2017-020146,CAMDEN-GLOUCESTER TWP,4,N,Y,N,4,11,7,1,5,2,2,1,2,5,1,25,56,N
04-15-2017-A310-2017-01596A,CAMDEN-GLOUCESTER TWP,5,N,N,N,1,13,2,1,4,1,1,1,5,1,1,55,22,N
04-15-2017-A310-2017-02141A,CAMDEN-GLOUCESTER TWP,4,N,Y,N,4,11,2,1,4,2,1,1,1,1,1,55,60,N
04-15-2017-A310-2017-00956A,CAMDEN-GLOUCESTER TWP,4,N,Y,N,4,11,2,1,4,2,1,1,1,1,1,55,60,N
04-15-2017-2017-021512,CAMDEN-GLOUCESTER TWP,5,N,Y,N,4,13,2,1,4,2,1,1,1,5,1,45,22,N
04-15-2017-A310-2017-03080A,CAMDEN-GLOUCESTER TWP,4,N,Y,N,4,11,2,1,4,2,1,7,1,1,1,55,60,N
04-15-2017-A310-2017-01901A,CAMDEN-GLOUCESTER TWP,4,N,N,N,4,11,2,1,4,1,1,3,1,1,1,55,11,N
04-18-2017-A310-2017-02866A,CAMDEN-HADDON HEIGHTS BORO,5,N,N,N,1,13,1,1,6,2,1,1,1,1,1,55,22,N
04-18-2017-2017007606,CAMDEN-HADDON HEIGHTS BORO,4,N,N,N,4,11,2,1,4,2,1,1,1,5,1,35,56,N
04-18-2017-A310-2017-00299A,CAMDEN-HADDON HEIGHTS BORO,4,N,Y,N,4,11,1,1,4,2,1,3,1,1,2,55,1,N
04-16-2017-17-020-A,CAMDEN-HADDON TWP,5,Y,N,N,1,13,5,1,4,2,1,6,1,5,1,25,22,N
04-16-2017-17-266-A,CAMDEN-HADDON TWP,4,N,N,N,7,11,2,1,4,2,1,1,1,2,1,45,52,N
04-16-2017-17-274-A,CAMDEN-HADDON TWP,4,N,N,N,5,14,2,1,4,2,1,1,1,2,1,45,26,N
04-16-2017-2017-062405,CAMDEN-HADDON TWP,5,N,N,N,7,11,7,1,4,2,2,6,2,5,1,25,1,N
04-21-2017-A310-2017-00354A,CAMDEN-LAWNSIDE BORO,4,N,Y,N,4,11,1,1,5,2,1,1,1,1,1,25,46,N
04-22-2017-2017-10503,CAMDEN-LINDENWOLD BORO,5,N,N,N,1,13,5,1,4,2,1,6,1,5,1,26,22,N
04-22-2017-2017-05203,CAMDEN-LINDENWOLD BORO,4,Y,N,N,4,3,5,1,6,2,1,1,1,5,1,25,26,N
04-23-2017-2017-002117,CAMDEN-MAGNOLIA BORO,4,N,N,N,2,1,2,1,4,2,1,1,1,5,1,40,26,N
04-23-2017-2017-006669,CAMDEN-MAGNOLIA BORO,4,N,N,N,2,1,2,1,4,2,1,1,1,5,1,40,26,N
04-23-2017-2017-003429,CAMDEN-MAGNOLIA BORO,4,N,N,N,2,3,2,1,4,2,1,1,1,5,1,40,26,N
04-23-2017-2017-003724,CAMDEN-MAGNOLIA BORO,4,Y,N,N,2,1,2,1,4,2,1,3,1,5,1,40,26,N
04-23-2017-2017-004158,CAMDEN-MAGNOLIA BORO,4,Y,N,N,7,11,2,1,4,2,1,1,1,5,1,40,69,N
04-23-2017-2017-003693,CAMDEN-MAGNOLIA BORO,4,N,N,N,4,7,2,1,4,2,1,1,1,5,1,40,26,N
04-23-2017-2017-001781,CAMDEN-MAGNOLIA BORO,4,N,N,N,7,11,2,1,4,2,1,1,1,5,1,40,56,N
04-23-2017-2017-000778,CAMDEN-MAGNOLIA BORO,4,Y,N,N,2,14,5,1,4,2,1,1,1,5,1,35,26,N
04-23-2017-2017-002002,CAMDEN-MAGNOLIA BORO,4,Y,N,N,7,3,5,1,4,2,1,1,1,5,1,35,26,N
04-23-2017-2017-004832,CAMDEN-MAGNOLIA BORO,4,Y,N,N,2,3,2,1,4,2,1,1,1,5,1,40,26,N
04-23-2017-2017-004204,CAMDEN-MAGNOLIA BORO,4,Y,N,N,2,1,2,1,4,2,1,1,1,5,1,40,26,N
04-23-2017-2017-007726,CAMDEN-MAGNOLIA BORO,4,Y,N,N,2,3,5,1,4,2,1,1,1,5,1,35,26,N
04-23-2017-2017-005675,CAMDEN-MAGNOLIA BORO,4,Y,N,N,2,3,2,1,4,2,1,6,1,5,1,40,26,N
04-23-2017-2017-007197,CAMDEN-MAGNOLIA BORO,4,N,N,N,2,1,2,1,4,2,1,1,1,5,1,40,26,N
04-23-2017-2017-000870,CAMDEN-MAGNOLIA BORO,4,Y,N,N,2,3,5,1,4,2,1,6,1,5,1,35,26,N
04-23-2017-2017-000926,CAMDEN-MAGNOLIA BORO,4,N,N,N,2,4,2,1,4,2,1,1,1,5,1,40,26,N
04-23-2017-2017-006206,CAMDEN-MAGNOLIA BORO,4,Y,N,N,2,1,2,1,4,2,1,1,1,5,1,40,26,N
04-23-2017-2017-002060,CAMDEN-MAGNOLIA BORO,4,Y,N,N,2,1,2,1,4,2,1,1,1,5,1,40,26,N
04-23-2017-2017-007102,CAMDEN-MAGNOLIA BORO,4,Y,N,N,2,4,2,1,4,2,1,3,1,5,1,40,26,N
04-23-2017-2017-001470,CAMDEN-MAGNOLIA BORO,4,Y,N,N,7,4,2,1,4,2,2,6,1,5,1,40,26,N
04-23-2017-2017-003643,CAMDEN-MAGNOLIA BORO,4,N,N,N,2,1,5,1,4,,,1,1,5,1,25,26,N
04-23-2017-2017-005929,CAMDEN-MAGNOLIA BORO,4,N,N,N,2,1,2,1,4,2,1,1,1,5,1,40,26,N
04-24-2017-170015764,CAMDEN-MERCHANTVILLE BORO,4,Y,N,N,2,7,5,1,4,2,1,3,1,5,1,30,26,N
04-24-2017-170010835,CAMDEN-MERCHANTVILLE BORO,5,Y,N,N,7,3,5,1,4,1,1,1,1,5,1,25,26,N
04-25-2017-2017002897,CAMDEN-MOUNT EPHRIAM BORO,4,N,N,N,2,1,2,1,6,2,1,1,1,5,1,40,26,N
04-25-2017-2017002548,CAMDEN-MOUNT EPHRIAM BORO,4,N,N,N,2,3,2,1,4,2,1,1,1,5,1,40,26,N
04-25-2017-2017001115,CAMDEN-MOUNT EPHRIAM BORO,5,N,N,N,1,13,2,1,4,2,2,6,1,5,1,40,26,N
04-26-2017-2017001491,CAMDEN-OAKLYN BORO,5,N,N,N,2,2,2,1,4,2,2,6,1,5,1,30,26,N
04-27-2017-17-11093,CAMDEN-PENNSAUKEN TWP,5,Y,N,N,1,13,2,1,4,2,1,7,1,3,1,50,22,N
04-27-2017-17-12337,CAMDEN-PENNSAUKEN TWP,4,Y,N,N,1,13,2,1,4,2,1,6,1,1,1,40,26,N
04-27-2017-170029650,CAMDEN-PENNSAUKEN TWP,4,N,Y,N,2,1,2,1,4,2,1,1,1,1,1,45,26,N
04-27-2017-170084369,CAMDEN-PENNSAUKEN TWP,4,N,N,N,2,1,2,1,4,2,1,1,1,1,1,45,26,N
04-27-2017-170085155,CAMDEN-PENNSAUKEN TWP,4,N,N,N,1,13,2,1,4,2,1,6,1,1,1,45,26,N
04-27-2017-170042197,CAMDEN-PENNSAUKEN TWP,4,Y,N,N,4,11,7,1,4,1,1,1,1,5,1,25,60,N
04-27-2017-170069978,CAMDEN-PENNSAUKEN TWP,4,N,N,N,4,11,2,1,4,2,1,1,1,3,1,50,52,N
04-27-2017-170000659,CAMDEN-PENNSAUKEN TWP,4,Y,N,N,4,3,2,3,4,2,2,1,2,3,1,40,26,N
04-27-2017-170093687,CAMDEN-PENNSAUKEN TWP,5,N,N,N,7,11,2,1,4,2,1,6,1,3,1,50,26,N
04-27-2017-170014621,CAMDEN-PENNSAUKEN TWP,5,N,N,N,7,11,2,3,4,2,1,1,1,3,1,40,56,N
04-27-2017-170061790,CAMDEN-PENNSAUKEN TWP,4,N,N,N,7,11,5,1,5,2,1,1,1,4,1,35,42,N
04-27-2017-170089259,CAMDEN-PENNSAUKEN TWP,5,N,N,N,1,13,2,1,4,2,1,6,1,1,1,45,22,N
04-31-2017-12771-17,CAMDEN-SOMERDALE BORO,4,Y,N,N,1,13,7,1,4,2,1,1,1,5,1,25,26,N
04-31-2017-00617-17,CAMDEN-SOMERDALE BORO,5,Y,N,N,1,13,2,1,4,2,2,6,2,5,1,40,22,N
04-34-2017-17-350-AC,CAMDEN-VOORHEES TWP,4,Y,N,N,2,3,5,1,4,2,1,1,1,5,1,30,26,N
04-34-2017-17-62-AC,CAMDEN-VOORHEES TWP,5,N,N,N,4,11,5,2,4,2,2,1,5,5,1,45,60,N
04-34-2017-17-948-AC,CAMDEN-VOORHEES TWP,4,N,N,N,2,1,5,1,5,2,1,1,1,5,1,40,26,N
04-34-2017-17-620-AC,CAMDEN-VOORHEES TWP,4,N,N,N,2,1,2,1,4,2,1,1,1,3,1,55,26,N
04-34-2017-17-905-AC,CAMDEN-VOORHEES TWP,5,N,N,N,1,13,9,1,4,2,1,1,1,5,1,15,22,N
04-35-2017-170009976,CAMDEN-WATERFORD TWP,5,N,N,N,3,3,2,1,4,2,1,1,1,5,1,50,26,N
04-36-2017-A160-2017-00320A,CAMDEN-WINSLOW TWP,5,N,N,N,7,11,3,2,4,2,1,1,1,1,1,65,48,N
04-36-2017-170010169,CAMDEN-WINSLOW TWP,5,Y,N,N,2,7,2,1,4,2,1,2,1,5,1,55,26,N
04-36-2017-A160-2017-00443A,CAMDEN-WINSLOW TWP,4,N,N,N,3,10,3,1,4,2,1,1,1,1,1,65,1,N
04-36-2017-A160-2017-00504A,CAMDEN-WINSLOW TWP,4,N,N,N,2,2,3,1,4,2,1,1,1,1,1,65,26,N
04-36-2017-170019435,CAMDEN-WINSLOW TWP,4,N,N,N,4,11,2,1,4,2,1,1,1,5,1,50,52,N
04-36-2017-170030519,CAMDEN-WINSLOW TWP,5,Y,N,N,7,11,5,1,4,2,0,0,0,5,1,45,58,N
04-36-2017-170004816,CAMDEN-WINSLOW TWP,5,N,N,N,2,7,5,1,4,2,1,6,1,5,1,45,26,N
04-36-2017-170034243,CAMDEN-WINSLOW TWP,4,N,N,N,4,11,5,1,4,2,1,1,1,5,1,50,1,N
04-36-2017-170034834,CAMDEN-WINSLOW TWP,5,N,N,N,2,7,2,1,4,2,1,1,1,5,1,50,26,N
04-37-2017-17-00300,CAMDEN-WOODLYNNE BORO,4,N,N,N,2,13,7,3,4,2,1,1,1,5,1,25,26,N
05-01-2017-17-05969,CAPE MAY-AVALON BORO,4,Y,N,N,2,14,7,1,4,2,1,1,1,3,2,25,21,N
05-02-2017-2017-11954,CAPE MAY-CAPE MAY CITY,5,N,N,N,1,13,7,1,4,2,1,5,1,4,1,26,22,N
05-04-2017-A050-2017-00573A,CAPE MAY-DENNIS TWP,5,N,Y,N,4,11,5,3,4,2,2,5,5,5,1,35,52,N
05-04-2017-A050-2017-00502A,CAPE MAY-DENNIS TWP,5,Y,Y,N,3,3,5,1,4,2,1,1,1,5,1,50,26,N
05-04-2017-A050-2017-00354A,CAPE MAY-DENNIS TWP,5,N,Y,N,4,4,5,1,4,2,1,1,1,5,1,45,26,N
05-04-2017-A050-2017-00472A,CAPE MAY-DENNIS TWP,4,N,N,N,4,4,5,1,4,2,1,4,1,5,1,40,26,N
05-04-2017-A050-2017-00517A,CAPE MAY-DENNIS TWP,5,N,N,N,4,2,5,1,4,2,1,1,1,5,1,50,26,N
05-04-2017-E030-2017-00564A,CAPE MAY-DENNIS TWP,4,N,N,N,4,11,3,1,4,2,1,1,1,3,1,65,50,N
05-04-2017-A050-2017-00244A,CAPE MAY-DENNIS TWP,4,N,N,N,4,5,5,2,4,2,1,1,1,5,1,50,26,N
05-05-2017-2017-44854,CAPE MAY-LOWER TWP,5,N,N,N,1,13,3,1,4,2,1,6,1,2,1,40,26,N
05-05-2017-2017-31795,CAPE MAY-LOWER TWP,4,N,Y,N,3,6,7,2,4,2,1,6,1,5,1,25,26,N
05-05-2017-I-2017-023413,CAPE MAY-LOWER TWP,4,Y,N,N,4,1,5,1,4,2,1,1,1,5,1,30,26,N
05-05-2017-I-2017-009677,CAPE MAY-LOWER TWP,4,Y,N,N,2,3,5,1,4,2,1,1,1,5,1,40,26,N
05-05-2017-I-2017-028183,CAPE MAY-LOWER TWP,5,N,Y,N,4,4,5,3,4,2,1,1,1,5,1,40,26,N
05-05-2017-2017-42472,CAPE MAY-LOWER TWP,4,N,N,N,2,1,2,1,6,2,1,1,1,5,1,40,26,N
05-06-2017-I-2017-02296,CAPE MAY-MIDDLE TWP,5,N,N,N,4,15,2,1,4,2,1,1,1,5,1,35,39,N
05-06-2017-I-2017-11522,CAPE MAY-MIDDLE TWP,5,N,N,N,4,11,5,3,6,2,1,5,1,5,1,50,60,N
05-06-2017-I-2017-35737,CAPE MAY-MIDDLE TWP,4,N,Y,N,4,11,2,1,4,2,1,7,1,5,1,50,52,N
05-06-2017-E030-2017-01289A,CAPE MAY-MIDDLE TWP,5,N,N,N,4,11,3,3,4,2,2,1,2,3,1,65,60,N
05-06-2017-E030-2017-01246A,CAPE MAY-MIDDLE TWP,5,N,N,N,7,1,3,1,4,2,2,1,2,1,1,65,26,N
05-06-2017-I-2017-32530,CAPE MAY-MIDDLE TWP,4,N,N,N,4,1,2,1,4,2,1,1,1,5,1,50,26,N
05-06-2017-I-2017-37276,CAPE MAY-MIDDLE TWP,4,N,N,N,3,9,2,1,4,2,1,1,1,5,1,35,26,N
05-06-2017-I-2017-40453,CAPE MAY-MIDDLE TWP,4,Y,N,N,4,3,2,1,4,2,1,1,1,5,1,40,26,N
05-06-2017-I-2017-01738,CAPE MAY-MIDDLE TWP,4,N,Y,N,4,11,7,1,4,2,1,5,1,5,1,35,60,N
05-06-2017-I-2017-38170,CAPE MAY-MIDDLE TWP,4,Y,N,N,2,13,2,1,4,2,1,7,1,5,1,35,22,N
05-06-2017-I-2017-37463,CAPE MAY-MIDDLE TWP,4,Y,N,N,2,7,2,1,4,2,1,1,1,5,1,50,26,N
05-06-2017-I-2017-49405,CAPE MAY-MIDDLE TWP,4,Y,Y,N,7,13,2,1,4,2,1,7,1,2,1,35,22,N
05-06-2017-I-2017-23574,CAPE MAY-MIDDLE TWP,5,N,N,N,7,11,7,1,4,2,2,1,5,5,1,35,52,N
05-06-2017-I-2017-36895,CAPE MAY-MIDDLE TWP,4,N,N,N,2,1,2,1,4,2,1,1,1,5,1,40,26,N
05-06-2017-E030-2017-00552A,CAPE MAY-MIDDLE TWP,4,N,N,N,4,10,3,1,4,2,1,1,1,1,1,65,1,N
05-11-2017-A050-2017-00609A,CAPE MAY-UPPER TWP,4,N,Y,N,4,4,2,2,4,2,2,7,2,5,1,45,26,N
05-11-2017-A050-2017-00363A,CAPE MAY-UPPER TWP,4,N,Y,N,4,11,2,3,4,2,1,5,1,5,1,50,52,N
05-11-2017-A050-2017-00592A,CAPE MAY-UPPER TWP,4,N,N,N,4,11,7,2,4,2,1,5,1,5,1,25,60,N
05-11-2017-A050-2017-00104A,CAPE MAY-UPPER TWP,5,N,Y,N,4,11,5,2,7,2,1,5,1,5,1,50,56,N
05-11-2017-A050-2017-00641A,CAPE MAY-UPPER TWP,5,N,N,N,4,4,5,3,4,2,2,7,5,5,1,50,26,N
05-11-2017-A050-2017-00002A,CAPE MAY-UPPER TWP,4,N,N,N,1,13,2,1,4,2,2,1,5,5,1,45,22,N
05-11-2017-A050-2017-00513A,CAPE MAY-UPPER TWP,5,N,Y,N,4,11,2,2,4,2,1,6,1,5,1,50,69,N
05-11-2017-A050-2017-00349A,CAPE MAY-UPPER TWP,4,N,N,N,4,10,2,1,4,2,1,5,1,5,1,50,52,N
05-11-2017-E030-2017-00890A,CAPE MAY-UPPER TWP,4,N,N,N,4,11,3,1,4,2,1,5,1,3,1,65,60,N
05-11-2017-E030-2017-00482A,CAPE MAY-UPPER TWP,4,N,N,N,4,11,3,1,4,2,1,1,1,3,1,65,54,N
05-11-2017-A050-2017-00325A,CAPE MAY-UPPER TWP,4,N,Y,N,7,11,7,1,4,2,1,7,1,5,1,25,46,N
05-14-2017-17-37343,CAPE MAY-WILDWOOD CITY,4,Y,N,N,7,3,7,1,4,2,1,1,1,,,25,26,N
05-14-2017-17-50742,CAPE MAY-WILDWOOD CITY,4,N,N,N,2,14,2,1,4,2,1,1,1,5,1,25,21,N
05-16-2017-A050-2017-00625A,CAPE MAY-WOODBINE BORO,4,N,N,N,4,11,5,2,4,2,1,7,1,5,1,50,60,N
06-01-2017-17-47028,CUMBERLAND-BRIDGETON CITY,5,N,N,N,1,13,2,1,4,2,1,1,1,5,1,25,22,N
06-01-2017-A040-2017-00048A,CUMBERLAND-BRIDGETON CITY,5,N,N,N,4,11,2,3,7,2,1,6,1,5,1,40,52,N
06-01-2017-17-26263,CUMBERLAND-BRIDGETON CITY,4,N,Y,N,2,1,5,1,4,2,1,6,1,5,1,25,26,N
06-01-2017-17-20744,CUMBERLAND-BRIDGETON CITY,4,N,Y,N,4,5,2,1,4,2,1,1,1,5,1,30,26,N
06-02-2017-A100-2017-00531A,CUMBERLAND-COMMERCIAL TWP,5,N,N,N,4,11,5,1,4,2,5,1,3,5,1,50,60,N
06-03-2017-A040-2017-00703A,CUMBERLAND-DEERFIELD TWP,5,Y,Y,N,4,3,5,1,5,2,1,1,1,5,1,50,26,N
06-05-2017-A040-2017-00701A,CUMBERLAND-FAIRFIELD TWP,5,N,N,N,4,10,5,1,4,2,1,5,1,5,1,50,1,N
06-05-2017-A040-2017-00344A,CUMBERLAND-FAIRFIELD TWP,4,N,N,N,1,13,2,1,4,2,1,5,1,5,1,50,22,N
06-06-2017-A040-2017-00245A,CUMBERLAND-GREENWICH TWP,4,N,Y,N,4,11,5,2,4,2,1,5,1,5,1,25,60,N
06-07-2017-A040-2017-00071A,CUMBERLAND-HOPEWELL TWP,4,N,Y,N,4,99,5,3,4,2,1,6,1,5,1,50,52,N
06-08-2017-A100-2017-00191A,CUMBERLAND-LAWRENCE TWP,5,N,N,N,4,11,5,2,4,2,1,1,1,5,1,50,56,N
06-09-2017-A100-2017-00205A,CUMBERLAND-MAURICE RIVER TWP,5,N,N,N,1,13,2,1,4,2,2,5,2,3,1,55,22,N
06-09-2017-A100-2017-00445A,CUMBERLAND-MAURICE RIVER TWP,5,N,N,N,1,13,5,1,4,2,1,6,1,5,1,25,22,N
06-09-2017-A100-2017-00366A,CUMBERLAND-MAURICE RIVER TWP,5,N,N,N,4,11,2,1,4,2,1,1,1,5,1,50,60,N
06-09-2017-A100-2017-00243A,CUMBERLAND-MAURICE RIVER TWP,4,N,N,N,4,4,5,1,4,2,1,1,1,5,1,50,26,N
06-09-2017-A100-2017-00532A,CUMBERLAND-MAURICE RIVER TWP,5,Y,N,N,4,4,2,2,4,2,5,1,3,5,1,50,26,N
06-09-2017-A100-2017-00216A,CUMBERLAND-MAURICE RIVER TWP,5,N,Y,N,4,11,2,1,4,2,1,1,1,3,1,55,60,N
06-09-2017-A100-2017-00513A,CUMBERLAND-MAURICE RIVER TWP,5,N,Y,N,4,4,5,1,4,2,1,5,1,5,1,50,26,N
06-10-2017-17-14122,CUMBERLAND-MILLVILLE CITY,5,N,N,N,4,11,2,1,4,2,1,1,1,5,1,50,52,N
06-10-2017-17-30535,CUMBERLAND-MILLVILLE CITY,5,N,N,N,2,3,2,1,4,2,1,6,1,4,0,35,26,N
06-10-2017-17-02870,CUMBERLAND-MILLVILLE CITY,4,N,N,N,7,11,2,1,4,2,1,3,1,5,1,25,59,N
06-10-2017-17-33318,CUMBERLAND-MILLVILLE CITY,4,N,N,N,2,1,2,1,4,2,1,1,1,5,1,50,26,N
06-10-2017-17-18097,CUMBERLAND-MILLVILLE CITY,4,N,N,N,4,99,5,1,4,2,1,1,1,5,1,50,11,N
06-12-2017-A040-2017-00517A,CUMBERLAND-STOW CREEK TWP,5,N,Y,N,4,11,5,1,7,2,1,1,1,5,1,50,52,N
06-13-2017-A040-2017-00590A,CUMBERLAND-UPPER DEERFIELD TWP,5,Y,N,N,2,3,5,1,4,2,1,1,1,5,1,35,26,N
06-13-2017-A040-2017-00853A,CUMBERLAND-UPPER DEERFIELD TWP,4,Y,N,N,4,3,2,1,4,2,1,1,1,5,1,50,26,N
06-13-2017-A040-2017-00448A,CUMBERLAND-UPPER DEERFIELD TWP,5,N,N,N,1,13,5,1,4,2,1,5,1,5,1,40,22,N
06-13-2017-A040-2017-00216A,CUMBERLAND-UPPER DEERFIELD TWP,5,Y,N,N,2,3,5,1,4,2,1,1,1,5,1,45,26,N
06-13-2017-A040-2017-00203A,CUMBERLAND-UPPER DEERFIELD TWP,5,Y,N,N,2,3,2,2,4,2,1,1,1,5,1,50,26,N
06-14-2017-2017034773,CUMBERLAND-VINELAND CITY,5,N,N,N,4,4,7,1,4,2,1,1,1,5,1,40,26,N
06-14-2017-2017015556,CUMBERLAND-VINELAND CITY,5,N,N,N,1,13,9,1,4,2,1,1,1,5,1,,22,N
06-14-2017-2017071078,CUMBERLAND-VINELAND CITY,4,N,Y,N,2,4,5,1,4,2,1,1,1,5,1,50,26,Y