crashid,location,severity_rating5,intersection,alcohol_involved,hazmat_involved,hs_collision_type,crash_type,road_sys_code,road_horiz_align_code,road_grade_code,road_surf_code,surf_cond_code,light_cond_code,environ_cond_code,road_median_code,temp_traffic_zone,posted_speed,first_harmful_event,flg_cell_in_use
06-14-2017-A100-2017-00362A,CUMBERLAND-VINELAND CITY,5,N,Y,N,4,10,2,2,4,2,1,1,1,3,1,65,1,N
06-14-2017-2017032361,CUMBERLAND-VINELAND CITY,4,Y,N,N,7,11,7,1,4,2,1,6,1,5,1,45,56,N
06-14-2017-2017054159,CUMBERLAND-VINELAND CITY,5,N,N,N,7,11,5,2,4,2,1,5,1,99,1,50,60,N
06-14-2017-2017037937,CUMBERLAND-VINELAND CITY,4,N,N,N,4,11,5,1,4,2,1,7,1,5,1,45,,N
06-14-2017-2017072895,CUMBERLAND-VINELAND CITY,4,N,N,N,1,13,7,1,4,2,1,6,1,5,1,25,22,N
06-14-2017-A100-2017-00339A,CUMBERLAND-VINELAND CITY,4,N,N,N,4,11,2,1,4,2,1,5,1,5,1,65,57,N
06-14-2017-2017058172,CUMBERLAND-VINELAND CITY,5,N,Y,N,1,13,2,1,4,2,1,6,1,5,1,45,22,N
06-14-2017-2017045189,CUMBERLAND-VINELAND CITY,4,N,N,N,4,7,5,1,4,2,1,1,1,5,1,40,,N
06-14-2017-2017048227,CUMBERLAND-VINELAND CITY,4,N,N,N,4,11,5,1,4,2,1,1,1,5,1,45,52,N
06-14-2017-2017027836,CUMBERLAND-VINELAND CITY,4,Y,N,N,4,3,7,1,4,2,1,1,5,5,1,25,26,N
06-14-2017-2017075972,CUMBERLAND-VINELAND CITY,4,N,N,N,4,11,2,1,4,2,1,1,1,5,1,50,,N
06-14-2017-17-26375,CUMBERLAND-VINELAND CITY,5,N,N,N,1,13,2,1,4,2,1,1,1,4,1,45,22,N
06-14-2017-2017041704,CUMBERLAND-VINELAND CITY,5,N,N,N,5,14,7,1,4,2,1,5,1,5,1,30,21,N
06-14-2017-2017075288,CUMBERLAND-VINELAND CITY,4,Y,N,N,7,11,5,1,4,2,3,6,3,5,1,40,54,N
06-14-2017-2017076011,CUMBERLAND-VINELAND CITY,4,N,N,N,2,6,5,1,4,2,1,1,1,5,1,35,26,N
06-14-2017-2017061256,CUMBERLAND-VINELAND CITY,4,N,Y,N,7,11,7,1,4,2,1,1,1,5,1,25,26,N
06-14-2017-2017013707,CUMBERLAND-VINELAND CITY,5,N,N,N,7,11,5,1,4,2,1,1,1,5,1,45,56,N
07-01-2017-I-2017-046470,ESSEX-BELLEVILLE TWP,4,N,N,N,2,3,7,1,5,2,1,1,1,5,1,25,26,N
07-01-2017-I-2017-031351,ESSEX-BELLEVILLE TWP,4,N,Y,N,2,6,7,1,4,2,1,3,1,5,1,25,26,N
07-01-2017-I-2017-053055,ESSEX-BELLEVILLE TWP,5,N,N,N,1,13,7,1,4,2,2,1,1,4,1,30,22,N
07-01-2017-I-2017-006579,ESSEX-BELLEVILLE TWP,4,Y,N,N,1,13,5,1,4,2,1,1,5,4,1,35,22,N
07-01-2017-I-2017-005796,ESSEX-BELLEVILLE TWP,4,N,N,N,7,11,5,1,5,2,1,6,1,4,1,30,0,N
07-01-2017-I-2017-026386,ESSEX-BELLEVILLE TWP,4,N,N,N,4,10,2,3,4,2,1,1,1,1,1,50,50,N
07-02-2017-E040-2017-02060A,ESSEX-BLOOMFIELD TWP,4,N,N,N,1,13,3,1,4,2,2,6,2,1,2,45,22,N
07-02-2017-17-16265,ESSEX-BLOOMFIELD TWP,4,N,Y,N,2,6,5,1,4,2,1,1,1,4,1,25,28,N
07-02-2017-17-32381,ESSEX-BLOOMFIELD TWP,4,Y,N,N,2,3,5,1,4,2,1,1,1,3,1,25,26,N
07-02-2017-17-49923,ESSEX-BLOOMFIELD TWP,5,N,N,N,1,13,5,1,4,2,1,6,1,4,1,25,,N
07-02-2017-17-09214,ESSEX-BLOOMFIELD TWP,4,Y,Y,N,2,4,5,1,4,2,1,4,1,4,1,25,26,N
07-03-2017-I-2017-011814,ESSEX-CALDWELL BORO,5,N,Y,N,1,13,5,1,5,2,1,1,1,4,1,35,26,N
07-04-2017-17-22154,ESSEX-CEDAR GROVE TWP,4,N,N,N,7,11,5,3,5,2,2,1,5,5,1,35,56,N
07-04-2017-17-14981,ESSEX-CEDAR GROVE TWP,4,Y,N,N,7,1,2,1,4,2,1,1,5,5,1,35,26,N
07-05-2017-17-14707,ESSEX-EAST ORANGE CITY,4,N,N,N,2,6,7,1,4,2,1,6,1,5,1,25,,N
07-05-2017-17-15292,ESSEX-EAST ORANGE CITY,4,N,N,N,2,6,5,1,4,2,1,3,1,4,1,,26,N
07-05-2017-17-3203,ESSEX-EAST ORANGE CITY,5,N,N,N,7,11,5,1,4,1,1,1,1,1,1,25,,N
07-05-2017-17-10987,ESSEX-EAST ORANGE CITY,4,N,N,N,2,2,7,1,4,2,2,6,2,5,1,25,,N
07-05-2017-17-7238,ESSEX-EAST ORANGE CITY,4,Y,N,N,7,3,7,1,4,2,1,1,1,5,1,35,,N
07-05-2017-17-2592,ESSEX-EAST ORANGE CITY,4,Y,N,N,1,13,7,1,4,2,1,1,1,4,1,35,,N
07-05-2017-17-014365,ESSEX-EAST ORANGE CITY,4,Y,N,N,2,3,5,1,4,2,1,1,1,5,1,25,26,N
07-05-2017-E040-2017-02692A,ESSEX-EAST ORANGE CITY,4,N,N,N,2,1,3,1,4,2,1,1,1,1,1,55,26,N
07-05-2017-B060-2017-01257A,ESSEX-EAST ORANGE CITY,4,N,N,N,1,13,1,1,4,2,1,5,4,1,1,55,22,N
07-05-2017-B060-2017-01276A,ESSEX-EAST ORANGE CITY,4,N,N,N,4,99,1,1,4,2,1,1,1,1,1,55,11,N
07-06-2017-EF-2017-007799,ESSEX-ESSEX FELLS BORO,4,N,N,N,4,11,5,1,4,2,1,1,1,5,1,35,56,N
07-07-2017-EF-2017-001767,ESSEX-FAIRFIELD BORO,5,N,Y,N,4,13,7,1,4,2,1,1,1,5,1,25,56,N
07-07-2017-17-33471,ESSEX-FAIRFIELD BORO,4,Y,N,N,2,3,5,2,4,2,1,1,1,5,1,45,26,N
07-08-2017-17-28291,ESSEX-GLEN RIDGE BORO,4,N,N,N,7,11,5,1,4,2,2,6,2,5,1,25,62,N
07-09-2017-I-2017-082214,ESSEX-IRVINGTON TWP,4,Y,N,N,1,13,5,1,4,2,1,1,1,5,1,25,22,N
07-09-2017-I-2017-073379,ESSEX-IRVINGTON TWP,4,N,N,N,7,11,7,3,4,2,1,1,1,5,1,25,,N
07-09-2017-I-2017-012892,ESSEX-IRVINGTON TWP,5,Y,N,N,1,13,5,3,6,2,2,6,2,4,1,25,22,N
07-09-2017-I-2017-091172,ESSEX-IRVINGTON TWP,4,Y,N,N,1,13,5,1,4,2,1,1,1,5,1,25,,N
07-09-2017-I-2017-103874,ESSEX-IRVINGTON TWP,5,Y,N,N,2,3,5,1,4,2,1,1,1,4,1,25,26,N
07-09-2017-I-2017-095996,ESSEX-IRVINGTON TWP,4,N,N,N,2,6,5,1,4,2,1,1,1,5,1,25,28,N
07-09-2017-I-2017-052788,ESSEX-IRVINGTON TWP,4,N,N,N,7,11,7,1,4,2,2,6,2,5,,25,52,N
07-09-2017-I-2017-093376,ESSEX-IRVINGTON TWP,4,N,N,N,7,11,7,1,5,2,1,1,1,5,1,25,60,N
07-09-2017-I-2017-032694,ESSEX-IRVINGTON TWP,5,N,N,N,7,11,7,1,4,2,1,6,1,5,1,25,60,N
07-09-2017-I-2017-084239,ESSEX-IRVINGTON TWP,4,N,N,N,2,13,7,1,4,2,1,1,1,5,1,25,22,N
07-09-2017-I-2017-026457,ESSEX-IRVINGTON TWP,4,Y,Y,N,2,1,5,1,4,2,2,6,2,4,4,25,26,N
07-09-2017-E040-2017-01788A,ESSEX-IRVINGTON TWP,5,N,N,N,1,13,3,1,4,2,2,6,2,1,1,55,22,N
07-09-2017-I-2017-086931,ESSEX-IRVINGTON TWP,4,N,Y,N,2,6,7,1,4,2,1,6,1,5,1,25,,N
07-10-2017-I2017-012442,ESSEX-LIVINGSTON TWP,4,N,N,N,4,11,5,1,4,2,2,7,2,4,1,35,,N
07-10-2017-I2017-021651,ESSEX-LIVINGSTON TWP,4,N,N,N,1,13,7,1,5,2,1,1,1,5,1,25,22,N
07-10-2017-I2017-033213,ESSEX-LIVINGSTON TWP,5,N,N,N,1,13,5,1,4,2,1,5,1,5,1,,22,N
07-11-2017-17-43217,ESSEX-MAPLEWOOD TWP,4,N,Y,N,7,11,7,1,4,2,1,1,1,4,1,25,62,N
07-12-2017-I-2017-015083,ESSEX-MILLBURN TWP,4,Y,N,N,2,3,5,1,6,2,1,1,1,5,1,35,26,N
07-12-2017-I-2017-022771,ESSEX-MILLBURN TWP,4,Y,N,N,1,13,7,1,4,2,1,1,1,5,1,25,22,N
07-12-2017-I-2017-019958,ESSEX-MILLBURN TWP,4,N,N,N,1,13,2,1,4,2,2,1,1,2,1,40,22,N
07-13-2017-17-RED-172,ESSEX-MONTCLAIR TWP,4,N,N,N,1,13,5,1,6,2,1,6,1,5,1,25,26,N
07-13-2017-17RED154,ESSEX-MONTCLAIR TWP,4,N,N,N,2,7,5,1,4,2,1,1,1,5,1,25,26,N
07-13-2017-17RED087,ESSEX-MONTCLAIR TWP,4,Y,N,N,1,13,7,1,4,2,2,6,2,5,1,25,22,N
07-13-2017-17RED562,ESSEX-MONTCLAIR TWP,5,Y,N,N,1,13,5,1,4,2,1,6,1,5,1,35,22,N
07-13-2017-17-RED-407,ESSEX-MONTCLAIR TWP,4,Y,N,N,1,13,5,1,4,2,1,6,5,5,1,25,22,N
07-13-2017-17RED1093,ESSEX-MONTCLAIR TWP,4,Y,N,N,2,3,5,3,5,2,1,1,1,5,1,25,26,N
07-13-2017-17-RED-241,ESSEX-MONTCLAIR TWP,4,N,N,N,1,13,5,1,4,2,3,5,5,5,1,25,22,N
07-13-2017-17RED922,ESSEX-MONTCLAIR TWP,4,N,Y,N,7,11,7,3,4,2,1,6,1,5,1,25,56,N
07-14-2017-P17118649,ESSEX-NEWARK CITY,4,Y,N,N,2,3,5,1,4,2,1,1,1,4,1,25,26,N
07-14-2017-P1724953017-37194,ESSEX-NEWARK CITY,4,N,N,N,2,6,7,1,4,2,1,1,1,4,1,25,26,N
07-14-2017-P1738184317-58146,ESSEX-NEWARK CITY,4,N,N,N,1,13,7,1,4,2,2,6,2,4,1,25,22,N
07-14-2017-P1715067117-22244,ESSEX-NEWARK CITY,4,Y,N,N,2,3,7,1,4,2,1,6,1,4,1,25,,N
07-14-2017-P17247690,ESSEX-NEWARK CITY,5,N,N,N,2,6,7,1,4,2,2,6,2,5,1,25,52,N
07-14-2017-P17080524,ESSEX-NEWARK CITY,5,N,N,N,1,13,5,1,4,2,1,4,1,4,1,25,,N
07-14-2017-E040-2017-02147A,ESSEX-NEWARK CITY,5,N,N,N,7,1,3,1,4,2,1,5,1,1,1,55,26,N
07-14-2017-P1733415717-50416,ESSEX-NEWARK CITY,4,N,N,N,4,11,7,3,4,2,1,6,1,2,1,,69,N
07-14-2017-P1724924917-37161,ESSEX-NEWARK CITY,4,N,N,N,2,1,7,1,4,2,0,1,1,5,1,35,,N
07-14-2017-P1701476017-2261,ESSEX-NEWARK CITY,4,N,Y,N,2,6,7,1,4,2,3,1,3,5,5,25,,N
07-14-2017-C17066033,ESSEX-NEWARK CITY,4,N,N,N,1,13,7,1,4,2,1,6,1,4,0,,22,N
07-14-2017-P1724830817-37055,ESSEX-NEWARK CITY,4,Y,N,N,2,5,5,1,4,2,1,1,1,4,1,25,26,N
07-14-2017-P17371267,ESSEX-NEWARK CITY,5,N,Y,N,7,4,7,1,4,2,1,6,1,5,1,,26,N
07-14-2017-P1713052517-19188,ESSEX-NEWARK CITY,4,N,N,N,7,11,5,1,6,2,1,1,1,5,1,25,54,N
07-14-2017-P1723050817-34442,ESSEX-NEWARK CITY,4,N,N,N,7,4,2,1,7,1,1,6,1,1,1,50,,N
07-14-2017-P1708524617-12531,ESSEX-NEWARK CITY,4,N,Y,N,2,6,7,1,4,2,1,7,1,5,1,25,,N
07-14-2017-C-2017-000967,ESSEX-NEWARK CITY,4,Y,N,N,7,11,7,1,4,2,1,1,1,3,1,25,56,N
07-14-2017-P1707545917-10952,ESSEX-NEWARK CITY,4,Y,Y,N,7,11,7,1,4,1,1,6,1,3,1,25,52,N
07-14-2017-P1718543417-27479,ESSEX-NEWARK CITY,4,N,N,N,7,11,2,1,4,2,1,1,1,1,1,45,46,N
07-14-2017-P17189869,ESSEX-NEWARK CITY,5,Y,N,N,1,13,2,1,4,2,1,6,1,4,1,40,26,N
07-14-2017-P17144448,ESSEX-NEWARK CITY,4,N,N,N,7,11,9,1,4,2,2,2,2,5,1,,59,N
07-14-2017-P17000183,ESSEX-NEWARK CITY,5,Y,N,N,1,13,7,1,,2,1,6,0,4,0,25,,N
07-14-2017-P1725612917-38264,ESSEX-NEWARK CITY,4,N,N,N,1,13,7,1,4,3,1,1,1,4,1,25,22,N
07-14-2017-P17409707,ESSEX-NEWARK CITY,5,N,N,N,3,10,7,1,4,2,1,6,1,99,1,,1,N
07-14-2017-17-60329,ESSEX-NEWARK CITY,5,N,N,N,1,13,7,1,4,2,2,,1,4,,25,,N
07-14-2017-P1731935417-47891,ESSEX-NEWARK CITY,5,N,N,N,2,6,7,1,4,2,1,6,1,5,1,25,,N
07-14-2017-D030-2017-03677A,ESSEX-NEWARK CITY,5,N,N,N,2,2,3,1,4,2,1,1,1,1,1,55,26,N
07-14-2017-P17010889,ESSEX-NEWARK CITY,5,N,N,N,1,13,2,1,0,,0,3,1,4,5,,22,N
07-14-2017-B130-2017-01671A,ESSEX-NEWARK CITY,4,N,Y,N,2,11,1,1,4,2,1,1,1,1,1,65,26,N
07-14-2017-VH12-2017,ESSEX-NEWARK CITY,5,Y,N,N,2,6,7,1,4,2,1,2,1,2,1,25,,N
07-14-2017-P17371892,ESSEX-NEWARK CITY,5,N,N,N,2,7,5,1,4,2,1,1,1,4,1,,,N
07-14-2017-17-59051,ESSEX-NEWARK CITY,4,N,N,N,2,2,2,1,4,2,1,6,1,5,1,45,26,N
07-14-2017-P1717579117-26077,ESSEX-NEWARK CITY,4,N,N,N,1,13,7,1,4,2,2,1,2,4,2,25,22,N
07-14-2017-P172717017-40509,ESSEX-NEWARK CITY,4,N,N,N,5,13,7,1,4,2,1,1,1,4,1,,21,N
07-14-2017-P17032926,ESSEX-NEWARK CITY,5,N,N,N,1,13,5,1,4,2,1,6,1,5,1,25,26,N
07-14-2017-P17202032,ESSEX-NEWARK CITY,5,N,N,N,1,13,7,1,4,2,1,6,1,4,1,25,,N
07-14-2017-P17218103,ESSEX-NEWARK CITY,5,Y,N,N,2,6,7,1,4,2,1,1,1,4,1,25,26,N
07-14-2017-C-2017-000101,ESSEX-NEWARK CITY,4,Y,Y,N,7,11,5,1,,2,3,6,3,4,1,25,69,N
07-14-2017-P17074001,ESSEX-NEWARK CITY,5,N,N,N,7,11,7,1,4,2,1,1,1,5,5,,,N
07-14-2017-P17365672,ESSEX-NEWARK CITY,5,Y,N,N,1,13,7,1,4,2,1,4,1,2,1,25,,N
07-14-2017-C17064666,ESSEX-NEWARK CITY,5,N,N,N,7,11,2,1,4,2,1,1,1,0,1,,,N
07-14-2017-P17345628,ESSEX-NEWARK CITY,5,N,N,N,1,13,2,2,4,2,1,6,1,4,1,35,,N
07-14-2017-P17335267,ESSEX-NEWARK CITY,5,N,Y,N,1,13,5,2,6,2,1,6,1,4,1,25,,N
07-14-2017-B130-2017-00575A,ESSEX-NEWARK CITY,4,N,N,N,3,10,1,1,4,2,1,1,5,1,1,65,1,N
07-14-2017-17-25455,ESSEX-NEWARK CITY,5,N,N,N,2,1,2,1,4,2,1,7,1,1,2,,,N
07-14-2017-17-22820,ESSEX-NEWARK CITY,5,Y,N,N,4,11,7,1,4,2,1,3,1,5,1,25,99,N
07-14-2017-P17027964,ESSEX-NEWARK CITY,5,Y,N,N,1,13,7,1,4,2,1,1,1,5,1,25,22,N
07-14-2017-P17360356,ESSEX-NEWARK CITY,5,N,Y,N,1,13,5,1,4,2,1,1,1,4,1,25,,N
07-14-2017-D030-2017-01851A,ESSEX-NEWARK CITY,4,N,Y,N,2,1,3,1,4,2,1,6,1,1,1,55,26,N
07-14-2017-P1740302017-61557,ESSEX-NEWARK CITY,4,Y,N,N,2,1,2,1,4,2,1,1,1,2,1,55,26,N
07-14-2017-P1723028817-34428,ESSEX-NEWARK CITY,4,Y,N,N,2,3,7,1,4,2,1,6,1,0,2,25,26,N
07-14-2017-P1705432917-7825,ESSEX-NEWARK CITY,4,N,N,N,2,4,5,1,4,2,1,6,1,4,1,,26,N
07-14-2017-P1720212817-30017,ESSEX-NEWARK CITY,4,Y,N,N,2,7,5,1,4,2,1,6,1,4,1,25,,N
07-14-2017-P1725835717-38525,ESSEX-NEWARK CITY,4,Y,N,N,2,3,7,1,4,2,1,1,1,4,1,25,26,N
07-14-2017-17-29360,ESSEX-NEWARK CITY,5,N,N,N,5,14,7,1,7,2,1,1,1,5,1,25,,N
07-14-2017-P17107455,ESSEX-NEWARK CITY,4,N,N,N,1,13,7,1,4,2,2,6,2,4,0,,22,N
07-14-2017-P1733724517-50843,ESSEX-NEWARK CITY,4,N,N,N,1,3,7,1,4,2,1,1,1,5,1,25,26,N
07-14-2017-P1700018317-25,ESSEX-NEWARK CITY,4,Y,N,N,1,13,7,1,4,2,1,6,1,4,1,25,22,N
07-14-2017-17-58146,ESSEX-NEWARK CITY,4,N,N,N,1,13,7,1,4,2,2,6,2,4,1,25,22,N
07-14-2017-P1722948617-34321,ESSEX-NEWARK CITY,4,N,N,N,2,2,7,1,4,2,1,1,1,4,1,25,26,N
07-14-2017-P1718631317-27590,ESSEX-NEWARK CITY,4,Y,N,N,2,3,5,1,6,2,1,1,1,5,1,25,26,N
07-14-2017-C-2017-005516,ESSEX-NEWARK CITY,4,Y,N,N,1,13,5,1,5,2,1,1,1,5,1,25,22,N
07-14-2017-P1735784717-54254,ESSEX-NEWARK CITY,4,Y,Y,N,2,5,7,1,6,2,1,1,1,5,1,25,,N
07-14-2017-P17255076,ESSEX-NEWARK CITY,5,Y,N,N,1,13,7,2,4,2,2,6,2,5,1,25,,N
07-14-2017-P17084478,ESSEX-NEWARK CITY,4,Y,N,N,1,13,7,,5,,1,1,1,4,,25,22,N
07-14-2017-P1725316817-37756,ESSEX-NEWARK CITY,4,N,N,N,7,11,7,1,4,2,1,1,1,4,5,35,,N
07-16-2017-17-09735,ESSEX-NUTLEY TWP,4,N,N,N,2,1,2,1,4,2,1,6,1,4,1,55,26,N
07-16-2017-17-17264,ESSEX-NUTLEY TWP,4,N,N,N,2,2,2,1,4,1,1,6,5,1,1,55,26,N
07-16-2017-17-44313,ESSEX-NUTLEY TWP,4,Y,N,N,1,13,5,1,6,2,1,1,1,5,1,25,22,N
07-17-2017-I-2017-023039,ESSEX-ORANGE CITY,4,Y,N,N,2,7,7,1,4,2,1,1,1,5,1,35,,N
07-17-2017-I-2017-047839,ESSEX-ORANGE CITY,5,N,N,N,7,11,7,1,4,2,1,1,1,5,1,25,,N
07-17-2017-I-2017-044187,ESSEX-ORANGE CITY,4,N,N,N,5,14,7,1,4,2,1,6,1,5,1,25,,N
07-19-2017-I-2017-011932,ESSEX-SOUTH ORANGE VILLAGE TWP,5,N,N,N,4,11,7,1,7,2,1,1,1,5,,25,,N
07-20-2017-17001107,ESSEX-VERONA TWP,5,Y,N,N,7,3,2,1,4,2,2,1,2,5,1,40,26,N
07-20-2017-17002925,ESSEX-VERONA TWP,5,Y,Y,N,4,13,5,1,4,2,1,1,1,5,1,35,,N
07-20-2017-17000955,ESSEX-VERONA TWP,4,N,Y,N,7,11,7,3,4,2,2,6,4,5,1,25,60,N
07-21-2017-I-2017-018964,ESSEX-WEST CALDWELL TWP,4,N,N,N,1,13,5,1,4,2,1,6,1,2,1,45,22,N
07-22-2017-17000785,ESSEX-WEST ORANGE TWP,4,N,N,N,7,11,5,,,2,3,6,3,4,1,40,,N
07-22-2017-C-2017-000381,ESSEX-WEST ORANGE TWP,4,N,N,N,7,4,7,3,6,2,2,1,1,5,1,35,26,N
07-22-2017-17000587,ESSEX-WEST ORANGE TWP,4,Y,N,N,1,13,5,,,2,2,6,5,,1,40,,N
07-22-2017-17036934,ESSEX-WEST ORANGE TWP,5,N,N,N,7,11,5,1,4,2,2,1,5,4,1,40,54,N
07-22-2017-B060-2017-02175A,ESSEX-WEST ORANGE TWP,5,N,Y,N,7,6,1,2,5,2,2,1,2,1,1,55,,N
08-01-2017-2017-07134,GLOUCESTER-CLAYTON BORO,4,N,N,N,6,12,5,1,4,2,1,6,1,4,1,50,24,N
08-01-2017-20172922,GLOUCESTER-CLAYTON BORO,4,Y,N,N,7,3,2,1,4,2,1,1,1,5,1,40,26,N
08-02-2017-A310-2017-01556A,GLOUCESTER-DEPTFORD TWP,5,N,N,N,2,1,2,1,4,1,1,1,1,3,1,55,26,N
08-02-2017-17-000921,GLOUCESTER-DEPTFORD TWP,4,N,N,N,2,4,5,1,4,2,1,1,1,5,1,35,26,N
08-02-2017-2017023973,GLOUCESTER-DEPTFORD TWP,4,N,N,N,4,11,2,1,4,2,1,1,1,4,1,45,52,N
08-02-2017-2017031680,GLOUCESTER-DEPTFORD TWP,4,Y,N,N,2,3,2,1,4,2,1,1,1,5,1,50,26,N
08-02-2017-17-6799,GLOUCESTER-DEPTFORD TWP,4,N,N,N,4,11,2,1,4,2,1,1,5,5,1,45,50,N
08-02-2017-A310-2017-02555A,GLOUCESTER-DEPTFORD TWP,4,N,N,N,4,11,1,1,4,2,2,5,2,4,1,65,60,N
08-02-2017-2017023012,GLOUCESTER-DEPTFORD TWP,4,N,N,N,7,11,5,1,4,2,1,1,1,5,1,25,45,N
08-02-2017-2017031032,GLOUCESTER-DEPTFORD TWP,4,Y,N,N,2,3,5,1,4,2,1,1,1,5,1,35,26,N
08-02-2017-A310-2017-01648A,GLOUCESTER-DEPTFORD TWP,5,N,N,N,4,11,2,3,4,2,1,1,1,3,1,65,60,N
08-02-2017-2017024672,GLOUCESTER-DEPTFORD TWP,5,Y,Y,N,1,13,5,1,4,2,1,5,1,4,1,35,26,N
08-02-2017-2017037667,GLOUCESTER-DEPTFORD TWP,5,Y,N,N,2,10,2,1,4,2,1,1,1,5,1,50,26,N
08-02-2017-2017024807,GLOUCESTER-DEPTFORD TWP,4,N,N,N,2,1,5,1,4,2,1,1,1,5,1,40,26,N
08-03-2017-D020-2017-00293A,GLOUCESTER-EAST GREENWICH TWP,5,N,Y,N,4,11,3,1,4,2,1,1,1,1,1,65,46,N
08-03-2017-2017008728,GLOUCESTER-EAST GREENWICH TWP,4,Y,N,N,2,4,5,2,4,2,1,1,1,5,1,35,26,N
08-04-2017-201706488,GLOUCESTER-ELK TWP,5,N,N,N,4,3,5,1,4,2,1,1,1,4,1,45,26,N
08-04-2017-201708653,GLOUCESTER-ELK TWP,4,N,Y,N,4,11,7,1,4,2,1,7,1,5,1,,,N
08-05-2017-2017-2045,GLOUCESTER-FRANKLIN TWP,5,Y,N,N,2,4,7,1,4,2,1,1,1,5,1,35,26,N
08-05-2017-2017-7976,GLOUCESTER-FRANKLIN TWP,4,N,N,N,3,10,2,2,4,2,1,6,1,5,1,40,1,N
08-05-2017-A310-2017-00214A,GLOUCESTER-FRANKLIN TWP,4,N,N,N,3,1,2,1,4,2,1,4,1,3,1,65,26,N
08-05-2017-A310-2017-02804A,GLOUCESTER-FRANKLIN TWP,4,N,N,N,4,11,2,2,4,2,1,1,1,3,1,65,60,N
08-05-2017-2017-17295,GLOUCESTER-FRANKLIN TWP,4,Y,N,N,2,3,2,1,0,2,2,1,2,4,1,50,26,N
08-05-2017-2017-3726,GLOUCESTER-FRANKLIN TWP,4,N,N,N,4,11,5,1,4,2,2,1,5,5,1,50,52,N
08-05-2017-2017-2746,GLOUCESTER-FRANKLIN TWP,5,N,Y,N,4,14,2,1,4,2,1,1,1,5,1,50,26,N
08-05-2017-2017019166,GLOUCESTER-FRANKLIN TWP,5,N,N,N,2,3,2,1,4,2,1,1,1,5,1,50,26,N
08-05-2017-2017-141,GLOUCESTER-FRANKLIN TWP,5,N,Y,N,4,4,5,3,4,2,2,1,2,5,1,50,26,N
08-05-2017-2017-13760,GLOUCESTER-FRANKLIN TWP,5,N,N,N,4,11,2,1,4,2,1,1,1,5,1,50,26,N
08-05-2017-A310-2017-01416A,GLOUCESTER-FRANKLIN TWP,5,N,Y,N,4,4,2,1,4,2,1,5,1,3,1,65,26,N
08-05-2017-2017-46,GLOUCESTER-FRANKLIN TWP,4,N,Y,N,4,11,7,1,4,2,2,5,2,5,1,35,52,N
08-06-2017-2017011206,GLOUCESTER-GLASSBORO BORO,4,Y,N,N,7,1,2,1,4,2,1,1,1,5,1,45,26,N
08-06-2017-2017021538,GLOUCESTER-GLASSBORO BORO,4,N,N,N,2,4,2,1,4,2,1,1,1,5,1,45,26,N
08-06-2017-2017022140,GLOUCESTER-GLASSBORO BORO,4,N,Y,N,4,11,5,1,4,2,2,7,1,5,1,40,60,N