crashid,location,severity_rating5,intersection,alcohol_involved,hazmat_involved,hs_collision_type,crash_type,road_sys_code,road_horiz_align_code,road_grade_code,road_surf_code,surf_cond_code,light_cond_code,environ_cond_code,road_median_code,temp_traffic_zone,posted_speed,first_harmful_event,flg_cell_in_use
13-21-2017-2017004253,MONMOUTH-KEANSBURG BORO,4,Y,N,N,2,3,7,1,,2,1,1,1,5,1,25,,N
13-21-2017-2017003607,MONMOUTH-KEANSBURG BORO,4,N,Y,N,2,14,2,1,0,1,1,1,1,1,1,50,,N
13-22-2017-17-8278,MONMOUTH-KEYPORT BORO,4,N,N,N,2,3,2,1,4,2,1,1,1,3,1,50,26,N
13-22-2017-17-7564,MONMOUTH-KEYPORT BORO,4,N,N,N,2,1,5,3,4,2,1,1,1,3,1,25,26,N
13-25-2017-17LB21659,MONMOUTH-LONG BRANCH CITY,5,Y,N,N,7,3,5,1,4,2,1,1,1,5,,25,26,N
13-25-2017-17LB29031,MONMOUTH-LONG BRANCH CITY,4,N,N,N,1,13,7,3,4,2,1,6,1,5,,25,22,N
13-25-2017-17LB22916,MONMOUTH-LONG BRANCH CITY,5,Y,Y,N,1,13,5,1,4,2,1,6,1,3,1,35,22,N
13-25-2017-17LB23796,MONMOUTH-LONG BRANCH CITY,5,Y,N,N,5,14,7,1,4,2,1,1,1,5,,25,21,N
13-26-2017-17MN11736,MONMOUTH-MANALAPAN TWP,5,Y,N,N,4,7,5,1,4,2,1,1,1,5,1,45,26,N
13-26-2017-17MN22883,MONMOUTH-MANALAPAN TWP,5,N,N,N,4,11,5,1,4,2,1,1,1,5,1,35,,N
13-26-2017-17MN07129,MONMOUTH-MANALAPAN TWP,4,Y,Y,N,2,1,2,1,4,2,2,7,5,2,,55,26,N
13-26-2017-17MN14413,MONMOUTH-MANALAPAN TWP,4,N,N,N,2,1,2,1,4,2,1,1,1,2,,55,26,N
13-27-2017-17-4140-AC,MONMOUTH-MANASQUAN BORO,5,N,N,N,4,4,2,3,4,2,1,1,1,5,1,35,,N
13-28-2017-17-29082,MONMOUTH-MARLBORO TWP,5,N,N,N,4,11,2,3,4,2,2,4,2,3,,65,60,N
13-28-2017-17-7689,MONMOUTH-MARLBORO TWP,5,N,N,N,4,11,5,1,4,2,1,1,1,5,,40,52,N
13-28-2017-17-27714,MONMOUTH-MARLBORO TWP,5,N,N,N,4,11,2,2,4,2,1,5,1,1,,65,2,N
13-28-2017-17-005820,MONMOUTH-MARLBORO TWP,4,Y,N,N,2,4,2,1,5,2,1,7,1,,,50,26,N
13-28-2017-17-032787,MONMOUTH-MARLBORO TWP,4,N,N,N,1,13,2,1,4,2,1,1,1,3,,55,22,N
13-28-2017-17-00652,MONMOUTH-MARLBORO TWP,4,N,N,N,7,11,7,2,4,2,4,3,1,,,35,60,N
13-28-2017-17-032804,MONMOUTH-MARLBORO TWP,4,N,N,N,7,2,7,1,4,2,1,4,1,5,1,35,26,N
13-31-2017-17MT21137,MONMOUTH-MIDDLETOWN TWP,5,Y,N,N,1,13,7,1,4,2,1,1,1,5,1,35,26,N
13-31-2017-E050-2017-00175A,MONMOUTH-MIDDLETOWN TWP,5,N,Y,N,7,11,3,2,4,2,2,1,2,1,1,65,46,N
13-31-2017-17MT10409,MONMOUTH-MIDDLETOWN TWP,4,Y,N,N,5,14,7,1,6,2,1,3,1,,,35,26,N
13-31-2017-17MT21693,MONMOUTH-MIDDLETOWN TWP,4,N,N,N,4,11,2,1,4,2,1,1,1,1,1,50,54,N
13-31-2017-17MT22899,MONMOUTH-MIDDLETOWN TWP,5,Y,N,N,7,3,2,1,4,2,1,1,1,1,1,50,26,Y
13-31-2017-17MT04783,MONMOUTH-MIDDLETOWN TWP,4,N,N,N,4,1,2,1,4,2,1,1,1,1,1,50,26,N
13-32-2017-C060-2017-01495A,MONMOUTH-MILLSTONE TWP,5,N,Y,N,4,11,7,1,4,2,1,1,1,5,1,35,52,N
13-32-2017-C060-2017-01612A,MONMOUTH-MILLSTONE TWP,4,N,N,N,4,4,7,3,4,2,1,1,1,5,1,45,26,N
13-32-2017-C060-2017-00745A,MONMOUTH-MILLSTONE TWP,4,N,N,N,4,2,5,1,4,2,1,5,1,5,1,50,26,N
13-32-2017-C060-2017-01985A,MONMOUTH-MILLSTONE TWP,4,N,N,N,6,12,2,1,4,2,2,1,5,3,1,50,24,N
13-32-2017-C060-2017-00077A,MONMOUTH-MILLSTONE TWP,4,N,N,N,3,4,5,1,4,2,1,1,1,5,1,35,26,N
13-32-2017-C060-2017-01578A,MONMOUTH-MILLSTONE TWP,4,N,N,N,4,3,7,1,4,2,1,1,1,4,1,35,26,N
13-32-2017-C060-2017-01918A,MONMOUTH-MILLSTONE TWP,4,N,N,N,4,11,5,1,4,2,1,5,1,5,1,50,60,N
13-34-2017-17NT15695,MONMOUTH-NEPTUNE TWP,4,N,N,N,7,11,7,1,4,2,1,1,1,5,1,25,69,N
13-34-2017-17NT29676,MONMOUTH-NEPTUNE TWP,5,Y,N,N,1,13,2,1,4,2,2,5,2,5,1,45,22,N
13-34-2017-17NT21587,MONMOUTH-NEPTUNE TWP,4,Y,Y,N,4,11,7,1,4,2,1,1,1,5,1,25,56,N
13-34-2017-17NT28809,MONMOUTH-NEPTUNE TWP,4,Y,N,N,5,14,5,1,4,2,1,1,1,5,1,40,21,N
13-34-2017-17NT23170,MONMOUTH-NEPTUNE TWP,5,N,N,N,1,13,2,1,4,2,1,1,1,3,1,50,22,N
13-34-2017-17NT36164,MONMOUTH-NEPTUNE TWP,5,Y,N,N,7,7,2,1,4,2,1,5,1,5,1,45,26,N
13-38-2017-17OP01234,MONMOUTH-OCEANPORT BORO,4,N,N,N,1,13,7,1,4,2,1,6,1,2,1,25,22,N
13-40-2017-17-19682,MONMOUTH-RED BANK BORO,4,Y,N,N,1,13,5,1,6,2,1,3,1,,,25,22,N
13-40-2017-17-17634,MONMOUTH-RED BANK BORO,4,Y,N,N,2,1,5,1,4,2,1,1,1,,,25,,N
13-36-2017-E050-2017-01166A,MONMOUTH-TINTON FALLS BORO,4,N,Y,N,4,11,3,2,4,2,1,5,1,3,1,65,58,N
13-36-2017-17TF17219,MONMOUTH-TINTON FALLS BORO,5,Y,N,N,1,13,7,1,4,2,1,5,1,5,1,25,22,N
13-36-2017-E050-2017-01144A,MONMOUTH-TINTON FALLS BORO,5,N,Y,N,7,11,3,1,4,2,1,7,1,1,1,65,47,N
13-36-2017-E050-2017-01568A,MONMOUTH-TINTON FALLS BORO,4,N,N,N,4,10,3,1,4,2,1,7,1,3,1,65,1,N
13-36-2017-17TF17564,MONMOUTH-TINTON FALLS BORO,4,Y,N,N,2,7,5,1,4,2,1,7,1,5,,40,26,N
13-36-2017-17TF17214,MONMOUTH-TINTON FALLS BORO,4,N,N,N,1,13,2,1,4,2,1,1,1,3,,50,22,N
13-36-2017-17TF18616,MONMOUTH-TINTON FALLS BORO,5,N,N,N,2,1,2,1,4,2,99,5,1,5,1,50,26,N
13-36-2017-E050-2017-01356A,MONMOUTH-TINTON FALLS BORO,4,N,N,N,4,10,3,1,4,2,1,5,1,3,1,65,58,N
13-36-2017-17TF11788,MONMOUTH-TINTON FALLS BORO,4,N,N,N,4,1,2,1,4,2,2,1,2,5,1,50,26,N
13-36-2017-17TF08913,MONMOUTH-TINTON FALLS BORO,4,Y,N,N,2,7,5,1,4,2,1,1,1,5,1,40,26,N
13-50-2017-2017008182,MONMOUTH-UNION BEACH BORO,4,Y,N,N,2,3,5,1,4,2,1,1,1,4,1,30,26,N
13-51-2017-C060-2017-01365A,MONMOUTH-UPPER FREEHOLD TWP,4,N,N,N,4,2,5,1,4,2,1,1,1,5,1,50,26,N
13-51-2017-C060-2017-00536A,MONMOUTH-UPPER FREEHOLD TWP,5,N,Y,N,4,4,5,2,6,2,2,1,2,5,1,50,26,Y
13-51-2017-C060-2017-00981A,MONMOUTH-UPPER FREEHOLD TWP,5,N,N,N,4,11,5,3,4,2,2,5,2,5,1,40,60,N
13-51-2017-C060-2017-00552A,MONMOUTH-UPPER FREEHOLD TWP,5,Y,N,N,3,7,5,1,4,2,1,1,1,5,1,50,26,N
13-52-2017-E050-2017-01677A,MONMOUTH-WALL TWP,4,N,N,N,4,1,3,1,4,2,1,5,1,1,1,65,26,N
13-52-2017-2017-01227,MONMOUTH-WALL TWP,5,N,N,N,4,11,2,1,4,2,2,1,2,1,1,55,,N
13-52-2017-E050-2017-00621A,MONMOUTH-WALL TWP,4,N,N,N,3,1,3,1,4,2,1,6,1,1,1,65,26,N
13-52-2017-201703223,MONMOUTH-WALL TWP,5,N,N,N,1,13,2,1,4,2,1,5,1,5,1,40,26,N
13-52-2017-2017-01429,MONMOUTH-WALL TWP,4,Y,Y,N,7,3,2,1,4,2,1,6,1,3,1,55,26,N
13-52-2017-E050-2017-01369A,MONMOUTH-WALL TWP,5,N,N,N,4,2,3,1,4,2,1,1,1,3,1,65,26,N
13-52-2017-2017-02882,MONMOUTH-WALL TWP,4,N,Y,N,2,1,2,1,4,2,2,1,1,,1,55,26,N
13-52-2017-2017-03223,MONMOUTH-WALL TWP,4,N,N,N,1,13,2,1,4,2,1,5,1,5,1,40,26,N
13-52-2017-2017-02371,MONMOUTH-WALL TWP,5,Y,N,N,2,3,7,1,4,2,1,1,1,5,1,25,26,N
13-53-2017-17WB02739,MONMOUTH-WEST LONG BRANCH BORO,4,N,N,N,4,11,2,1,4,5,2,6,5,3,1,50,69,N
13-53-2017-17WB01298,MONMOUTH-WEST LONG BRANCH BORO,4,N,N,N,4,11,2,1,4,2,1,1,1,3,1,50,,N
14-01-2017-17-00070,MORRIS-BOONTON TOWN,4,N,N,N,2,6,5,3,4,2,1,1,1,5,1,25,1,N
14-03-2017-17-3057-AC,MORRIS-BUTLER BORO,5,N,N,N,2,6,9,1,4,2,1,1,1,1,,10,28,N
14-04-2017-2017-006977,MORRIS-CHATHAM BORO,4,Y,N,N,1,13,2,1,4,2,1,6,1,5,1,30,22,N
14-04-2017-2017-007167,MORRIS-CHATHAM BORO,4,Y,N,N,2,4,3,1,4,2,1,6,1,5,1,35,26,N
14-05-2017-2017-000107,MORRIS-CHATHAM TWP,5,Y,N,N,1,13,5,1,4,2,2,6,2,5,1,35,,N
14-08-2017-B080-2017-02632A,MORRIS-DENVILLE TWP,5,N,N,N,4,11,1,1,4,2,2,1,2,1,1,65,56,N
14-08-2017-2017-021044,MORRIS-DENVILLE TWP,4,N,N,N,4,11,7,1,4,2,1,1,1,5,1,25,54,N
14-09-2017-2017-024840,MORRIS-DOVER TOWN,5,Y,Y,N,7,11,2,1,5,1,1,6,1,1,1,35,48,N
14-09-2017-2017-013203,MORRIS-DOVER TOWN,4,N,N,N,2,1,2,1,4,2,1,1,1,,,35,26,N
14-09-2017-2017-009461,MORRIS-DOVER TOWN,5,Y,Y,N,1,13,5,3,4,2,1,7,1,5,1,25,,N
14-10-2017-2017-008565,MORRIS-EAST HANOVER TWP,4,Y,N,N,4,3,5,1,4,2,1,6,1,5,1,35,11,N
14-12-2017-B080-2017-01862A,MORRIS-HANOVER TWP,4,N,N,N,2,8,1,1,4,2,1,1,1,1,1,55,26,N
14-12-2017-B080-2017-01213A,MORRIS-HANOVER TWP,4,N,N,N,2,11,1,1,4,2,1,1,1,1,4,55,26,N
14-12-2017-17-32101,MORRIS-HANOVER TWP,4,N,N,N,4,11,7,1,4,2,1,1,1,5,1,35,52,N
14-14-2017-17-23923,MORRIS-JEFFERSON TWP,5,N,N,N,1,13,2,1,4,2,1,7,4,5,1,50,22,N
14-14-2017-17-20588,MORRIS-JEFFERSON TWP,5,N,Y,N,4,11,7,3,4,2,1,1,1,5,1,40,,N
14-14-2017-17-12419,MORRIS-JEFFERSON TWP,5,N,N,N,2,4,5,3,4,2,1,1,5,5,1,45,,N
14-15-2017-B080-2017-00912A,MORRIS-KINNELON BORO,5,N,N,N,2,6,1,1,4,1,1,5,1,1,1,65,26,N
14-18-2017-2017-003899,MORRIS-MENDHAM BORO,4,N,N,N,4,4,5,2,4,2,2,1,2,5,1,35,26,N
14-19-2017-2017-019097,MORRIS-MENDHAM TWP,5,Y,N,N,2,3,5,1,5,2,1,1,1,5,1,40,26,N
14-21-2017-2017002054,MORRIS-MONTVILLE TWP,4,N,Y,N,2,8,5,1,4,2,1,6,1,5,1,40,28,N
14-21-2017-B060-2017-01693A,MORRIS-MONTVILLE TWP,5,N,Y,N,7,2,1,1,4,2,1,1,1,1,1,65,26,N
14-21-2017-2017005608,MORRIS-MONTVILLE TWP,5,Y,N,N,2,7,7,1,4,2,1,1,1,5,1,40,26,N
14-21-2017-B080-2017-01894A,MORRIS-MONTVILLE TWP,4,N,N,N,4,11,1,1,4,2,1,1,5,1,1,65,48,N
14-23-2017-2017-001542,MORRIS-MORRIS PLAINS BORO,4,N,N,N,4,1,2,1,5,2,2,1,1,1,1,50,26,N
14-22-2017-2017-014390,MORRIS-MORRIS TWP,4,N,N,N,4,11,5,1,4,2,1,1,1,5,1,45,,N
14-24-2017-2017-013677,MORRIS-MORRISTOWN TOWN,4,N,N,N,2,1,2,1,4,2,2,1,2,5,,40,26,N
14-27-2017-I-2017-001451,MORRIS-MOUNT OLIVE TWP,4,Y,N,N,4,4,2,1,4,2,1,5,1,5,1,50,26,N
14-27-2017-B080-2017-02073A,MORRIS-MOUNT OLIVE TWP,5,N,N,N,4,1,1,1,4,2,1,1,1,1,1,65,26,N
14-27-2017-I-2017-037699,MORRIS-MOUNT OLIVE TWP,4,N,N,N,4,11,2,1,4,2,1,1,1,1,1,50,46,N
14-27-2017-I-2017-068925,MORRIS-MOUNT OLIVE TWP,5,Y,N,N,2,3,5,2,5,2,1,5,1,5,1,40,26,N
14-27-2017-B080-2017-02893A,MORRIS-MOUNT OLIVE TWP,4,N,N,N,4,11,1,1,4,2,1,1,1,1,1,65,54,N
14-27-2017-I-2017-004626,MORRIS-MOUNT OLIVE TWP,4,N,Y,N,2,4,7,1,6,2,2,5,4,5,1,35,26,N
14-25-2017-17-0190,MORRIS-MOUNTAIN LAKES BORO,4,N,N,N,2,1,5,1,4,2,1,1,1,3,1,35,26,N
14-29-2017-B060-2017-00716A,MORRIS-PARSIPPANY-TROY HILLS,4,N,N,N,4,1,1,1,4,2,1,1,1,1,1,65,26,N
14-29-2017-17-00096,MORRIS-PARSIPPANY-TROY HILLS,5,N,N,N,7,11,7,1,5,2,2,1,2,4,1,25,,N
14-29-2017-B080-2017-01431A,MORRIS-PARSIPPANY-TROY HILLS,4,N,N,N,4,11,1,1,4,2,1,1,1,1,1,65,46,N
14-29-2017-B080-2017-02138A,MORRIS-PARSIPPANY-TROY HILLS,4,N,N,N,4,11,1,1,5,2,1,6,1,99,1,65,60,N
14-29-2017-B060-2017-03351A,MORRIS-PARSIPPANY-TROY HILLS,5,N,N,N,1,6,1,1,4,2,1,5,1,1,1,65,26,N
14-29-2017-2017023826,MORRIS-PARSIPPANY-TROY HILLS,5,N,Y,N,1,13,7,1,6,2,1,7,1,4,1,25,22,N
14-29-2017-2017028750,MORRIS-PARSIPPANY-TROY HILLS,4,Y,N,N,4,6,7,1,4,2,1,4,1,5,1,25,56,N
14-29-2017-B080-2017-02289A,MORRIS-PARSIPPANY-TROY HILLS,5,N,N,N,4,11,1,3,6,2,1,5,1,1,1,65,46,N
14-29-2017-B080-2017-00587A,MORRIS-PARSIPPANY-TROY HILLS,4,N,N,N,2,6,1,3,5,2,1,1,1,1,1,55,28,N
14-29-2017-2017003736,MORRIS-PARSIPPANY-TROY HILLS,4,N,N,N,2,7,7,1,4,2,2,3,6,2,1,,26,N
14-29-2017-B060-2017-02280A,MORRIS-PARSIPPANY-TROY HILLS,5,N,Y,N,4,11,1,1,4,2,1,1,1,1,1,65,60,N
14-29-2017-B060-2017-02950A,MORRIS-PARSIPPANY-TROY HILLS,5,N,N,N,4,1,1,2,4,2,1,1,1,1,1,55,26,N
14-30-2017-2017-009907,MORRIS-PASSAIC TWP,5,N,N,N,3,10,5,1,5,2,1,1,1,5,5,40,26,N
14-31-2017-B080-2017-02183A,MORRIS-PEQUANNOCK TWP,5,N,N,N,4,1,1,1,4,1,1,1,1,1,1,65,26,N
14-32-2017-2017-001518,MORRIS-RANDOLPH TWP,5,N,N,N,1,13,9,1,5,1,1,7,1,5,,,26,N
14-33-2017-17-2396,MORRIS-RIVERDALE BORO,4,N,Y,N,7,11,2,1,6,2,1,7,1,1,1,50,,N
14-33-2017-17-2426,MORRIS-RIVERDALE BORO,5,N,N,N,5,14,5,1,4,2,1,2,1,5,1,25,,N
14-34-2017-2017-008009,MORRIS-ROCKAWAY BORO,4,N,Y,N,2,6,7,1,5,2,1,1,1,5,1,25,26,N
14-35-2017-I-2017-013496,MORRIS-ROCKAWAY TWP,4,N,Y,N,4,4,5,2,7,2,1,1,1,5,1,30,26,N
14-35-2017-B080-2017-01103A,MORRIS-ROCKAWAY TWP,4,N,N,N,4,11,1,1,4,2,1,1,1,1,1,65,54,N
14-35-2017-B080-2017-01528A,MORRIS-ROCKAWAY TWP,5,N,N,N,7,13,1,1,5,2,1,1,1,1,1,65,26,N
14-35-2017-B080-2017-03062A,MORRIS-ROCKAWAY TWP,4,N,Y,Y,2,1,1,3,6,2,1,1,1,1,1,65,26,N
14-35-2017-B080-2017-00489A,MORRIS-ROCKAWAY TWP,5,N,N,N,4,11,1,1,4,2,1,1,1,1,1,65,60,N
14-36-2017-B080-2017-01462A,MORRIS-ROXBURY TWP,5,N,N,N,4,11,1,1,5,2,1,1,1,1,1,65,46,N
14-36-2017-B080-2017-02068A,MORRIS-ROXBURY TWP,5,N,N,N,7,2,1,1,4,2,1,1,1,1,1,65,26,N
14-36-2017-2017-021762,MORRIS-ROXBURY TWP,4,N,Y,N,4,11,5,2,4,2,1,5,1,5,1,35,,N
14-36-2017-2017-004346,MORRIS-ROXBURY TWP,5,N,Y,N,7,11,7,1,6,2,1,5,1,5,1,25,60,N
14-38-2017-2017-019592,MORRIS-WASHINGTON TWP,4,N,N,N,4,11,7,2,4,2,1,1,1,5,1,40,,N
15-33-2017-17BN18388,OCEAN-BARNEGAT TWP,4,N,N,N,4,11,5,1,4,2,1,1,1,5,1,50,60,N
15-33-2017-17BN16009,OCEAN-BARNEGAT TWP,4,N,N,N,4,4,5,1,4,2,1,1,1,5,1,50,26,N
15-33-2017-17BN16722,OCEAN-BARNEGAT TWP,5,Y,N,N,7,11,5,1,4,2,1,1,1,5,1,45,56,N
15-33-2017-17BN16388,OCEAN-BARNEGAT TWP,4,N,N,N,4,11,5,2,5,2,1,7,1,2,1,50,57,N
15-33-2017-17BN18030,OCEAN-BARNEGAT TWP,4,Y,N,N,2,4,2,1,4,2,1,1,1,5,1,55,26,N
15-33-2017-17BN17127,OCEAN-BARNEGAT TWP,5,N,N,N,2,3,2,1,4,2,1,7,1,5,1,55,26,N
15-33-2017-17BN15337,OCEAN-BARNEGAT TWP,5,N,N,N,4,11,5,1,4,2,1,1,1,5,1,50,52,N
15-03-2017-BH-2017-001098,OCEAN-BEACH HAVEN BORO,5,Y,Y,N,4,11,5,1,4,2,1,6,1,5,1,40,,N
15-05-2017-17002396,OCEAN-BERKELEY TWP,4,Y,N,N,2,3,7,1,4,2,1,1,1,5,1,25,26,N
15-05-2017-17001552,OCEAN-BERKELEY TWP,4,N,N,N,2,13,7,1,4,2,1,1,1,5,1,25,22,N
15-05-2017-17003041,OCEAN-BERKELEY TWP,4,N,Y,N,2,6,5,1,4,2,1,1,1,5,1,40,28,N
15-05-2017-17000903,OCEAN-BERKELEY TWP,5,N,N,N,7,3,7,1,4,2,1,1,1,5,1,50,26,N
15-05-2017-17003349,OCEAN-BERKELEY TWP,4,Y,N,N,7,11,5,1,4,2,1,1,5,5,1,50,50,N
15-05-2017-17002325,OCEAN-BERKELEY TWP,5,N,N,N,4,11,2,1,4,2,1,1,1,5,1,45,61,N
15-05-2017-17003201,OCEAN-BERKELEY TWP,4,N,Y,N,4,1,5,1,4,2,1,5,1,4,1,50,26,N
15-05-2017-17001600,OCEAN-BERKELEY TWP,4,Y,N,N,2,14,5,1,4,2,1,1,1,5,1,40,21,N
15-06-2017-2017-00056628,OCEAN-BRICK TWP,5,Y,N,N,5,14,2,1,4,2,1,6,1,1,1,50,21,N
15-06-2017-2017-00075338,OCEAN-BRICK TWP,4,N,N,N,4,7,2,1,4,2,1,1,1,5,1,40,26,N
15-06-2017-2017-00067190,OCEAN-BRICK TWP,4,N,N,N,1,13,5,1,4,2,1,7,1,5,1,35,22,N
15-06-2017-2017-00029264,OCEAN-BRICK TWP,5,Y,N,N,2,3,2,1,4,2,1,1,1,1,1,50,26,N
15-06-2017-2017-00012416,OCEAN-BRICK TWP,4,N,N,N,4,11,7,1,4,2,1,1,1,5,1,40,62,N
15-06-2017-2017-00084421,OCEAN-BRICK TWP,5,N,N,N,1,13,2,1,4,2,1,6,2,5,1,35,22,N
15-08-2017-E030-2017-00209A,OCEAN-EAGLESWOOD TWP,5,N,Y,N,4,10,3,1,4,2,1,5,1,1,1,65,1,N
15-08-2017-C120-2017-00069A,OCEAN-EAGLESWOOD TWP,4,N,Y,N,4,11,2,1,4,2,1,1,1,5,1,50,52,N
15-08-2017-C120-2017-00086A,OCEAN-EAGLESWOOD TWP,5,N,Y,N,7,11,2,1,4,2,1,1,1,5,1,45,56,N
15-11-2017-17-38917,OCEAN-JACKSON TWP,5,N,N,N,4,11,7,1,4,2,6,1,2,5,1,40,,N
15-11-2017-C060-2017-00445A,OCEAN-JACKSON TWP,5,N,N,N,4,11,1,,6,2,1,1,1,3,1,65,57,N
15-11-2017-I-2017-004707,OCEAN-JACKSON TWP,5,N,N,N,4,11,5,1,4,2,1,5,1,5,1,50,60,N
15-11-2017-C060-2017-01527A,OCEAN-JACKSON TWP,4,N,Y,N,4,11,1,1,4,2,1,5,1,3,1,65,60,N
15-11-2017-I-2017-023858,OCEAN-JACKSON TWP,4,N,N,N,4,4,5,1,4,2,1,1,1,5,1,50,26,N
15-12-2017-17-026940,OCEAN-LACEY TWP,4,Y,Y,N,2,1,2,1,4,2,1,1,1,5,1,45,26,N
15-12-2017-17-024804,OCEAN-LACEY TWP,4,N,N,N,4,4,7,1,4,5,7,1,1,5,1,,26,N
15-13-2017-2017-00382,OCEAN-LAKEHURST BORO,4,N,Y,N,4,11,5,1,4,2,1,1,1,5,1,35,,N
15-13-2017-2017-05779,OCEAN-LAKEHURST BORO,4,N,Y,N,4,11,7,1,4,2,1,1,1,5,1,25,60,N
15-14-2017-17-029357,OCEAN-LAKEWOOD TWP,4,Y,N,N,2,7,5,1,4,2,1,1,5,5,1,50,26,N
15-14-2017-17-004872,OCEAN-LAKEWOOD TWP,4,Y,N,N,2,1,2,1,4,2,1,6,1,5,1,50,26,N
15-14-2017-17-027147,OCEAN-LAKEWOOD TWP,5,N,N,N,7,11,9,3,4,2,1,1,1,5,1,25,56,N
15-14-2017-17-021804,OCEAN-LAKEWOOD TWP,4,N,N,N,7,1,2,1,4,2,1,1,1,5,1,40,26,N
15-14-2017-17-046641,OCEAN-LAKEWOOD TWP,5,N,N,N,5,14,7,1,4,2,1,1,1,5,1,25,21,N
15-14-2017-E030-2017-00404A,OCEAN-LAKEWOOD TWP,5,N,N,N,4,11,3,1,4,2,2,1,2,1,1,65,60,N
15-14-2017-17-034560,OCEAN-LAKEWOOD TWP,4,Y,N,N,2,1,5,1,4,2,1,1,1,2,1,40,26,N
15-14-2017-17-059984,OCEAN-LAKEWOOD TWP,5,N,Y,N,4,5,2,1,4,2,1,7,1,5,1,40,26,N
15-14-2017-17-058325,OCEAN-LAKEWOOD TWP,4,N,N,N,1,13,5,1,4,2,1,6,1,5,1,45,22,N
15-14-2017-17-070442,OCEAN-LAKEWOOD TWP,5,N,N,N,1,13,5,1,4,2,1,7,1,5,1,35,22,N
15-14-2017-17-016602,OCEAN-LAKEWOOD TWP,4,Y,N,N,2,3,5,1,4,2,1,1,1,5,1,45,26,N
15-14-2017-E050-2017-00022A,OCEAN-LAKEWOOD TWP,5,N,N,N,7,1,3,1,4,2,2,6,1,1,1,65,26,N
15-14-2017-17-039882,OCEAN-LAKEWOOD TWP,4,N,Y,N,2,2,5,1,4,2,1,1,1,5,1,50,26,N
15-14-2017-17-005114,OCEAN-LAKEWOOD TWP,5,N,N,N,5,14,5,1,4,2,1,5,1,5,1,50,21,N
15-14-2017-17-063536,OCEAN-LAKEWOOD TWP,4,Y,N,N,2,3,5,1,4,2,1,1,1,4,1,35,26,N
15-14-2017-E030-2017-00657A,OCEAN-LAKEWOOD TWP,5,N,Y,N,7,1,3,1,4,2,1,1,1,1,1,65,26,N
15-14-2017-17-038951,OCEAN-LAKEWOOD TWP,5,N,N,N,4,11,5,1,4,2,1,7,1,5,1,40,,N
15-14-2017-17-046938,OCEAN-LAKEWOOD TWP,5,N,N,N,1,13,5,1,4,2,1,7,1,5,1,35,22,N
15-14-2017-17-066889,OCEAN-LAKEWOOD TWP,5,N,N,N,1,13,5,1,4,2,1,7,1,4,1,50,22,N
15-14-2017-17-016472,OCEAN-LAKEWOOD TWP,4,N,N,N,2,2,5,1,4,2,1,6,1,5,1,40,26,N
15-14-2017-E030-2017-00553A,OCEAN-LAKEWOOD TWP,5,N,Y,N,3,1,3,1,4,2,1,5,1,3,1,65,26,N
15-14-2017-17-001845,OCEAN-LAKEWOOD TWP,5,Y,N,N,2,3,2,1,4,2,2,7,2,1,1,50,26,N