crashid,location,severity_rating5,intersection,alcohol_involved,hazmat_involved,hs_collision_type,crash_type,road_sys_code,road_horiz_align_code,road_grade_code,road_surf_code,surf_cond_code,light_cond_code,environ_cond_code,road_median_code,temp_traffic_zone,posted_speed,first_harmful_event,flg_cell_in_use
15-14-2017-17-013016,OCEAN-LAKEWOOD TWP,5,N,N,N,1,13,5,1,4,2,1,7,1,5,1,,22,N
15-14-2017-17-063594,OCEAN-LAKEWOOD TWP,4,N,N,N,4,11,2,1,4,2,1,1,1,1,1,50,,N
15-14-2017-17-056174,OCEAN-LAKEWOOD TWP,5,Y,Y,N,5,14,2,1,4,2,2,1,5,1,1,50,21,N
15-14-2017-17-002361,OCEAN-LAKEWOOD TWP,5,Y,N,N,1,13,2,1,4,2,1,7,1,5,1,45,22,N
15-15-2017-L17-0411,OCEAN-LAVALLETTE BORO,4,N,N,N,4,13,2,1,4,2,1,1,1,5,1,45,52,N
15-15-2017-L17-0268,OCEAN-LAVALLETTE BORO,4,N,N,N,4,13,2,1,4,2,1,1,1,5,1,45,56,N
15-15-2017-L17-2453,OCEAN-LAVALLETTE BORO,4,Y,N,N,2,2,2,1,4,2,1,1,5,5,1,35,26,N
15-16-2017-17LE17434,OCEAN-LITTLE EGG HARBOR TWP,4,N,N,N,2,1,5,1,4,2,1,6,1,5,1,55,26,Y
15-16-2017-17LE14642,OCEAN-LITTLE EGG HARBOR TWP,4,N,Y,N,3,10,5,1,4,5,1,5,1,5,1,,1,N
15-16-2017-E030-2017-00503A,OCEAN-LITTLE EGG HARBOR TWP,5,N,N,N,4,11,3,1,4,2,2,5,2,1,1,65,60,N
15-16-2017-17LE14367,OCEAN-LITTLE EGG HARBOR TWP,4,N,N,N,4,11,5,1,4,2,2,1,2,4,1,50,60,N
15-16-2017-17-817,OCEAN-LITTLE EGG HARBOR TWP,4,Y,Y,N,4,4,5,1,4,2,2,6,2,5,1,45,26,N
15-18-2017-M17-13343,OCEAN-MANCHESTER TWP,4,N,Y,N,4,11,5,2,4,2,1,7,1,5,1,45,52,N
15-18-2017-M17-00435,OCEAN-MANCHESTER TWP,5,Y,Y,N,7,7,2,1,4,2,1,1,1,5,1,50,26,N
15-18-2017-2017-269,OCEAN-MANCHESTER TWP,4,Y,N,N,4,1,5,3,4,2,1,1,1,4,,50,26,N
15-18-2017-M17-14361,OCEAN-MANCHESTER TWP,5,N,N,N,4,4,2,1,4,2,1,1,1,5,1,55,26,N
15-18-2017-M17-02486,OCEAN-MANCHESTER TWP,4,Y,N,N,2,7,2,1,4,2,1,3,1,5,1,50,26,N
15-18-2017-17-32735,OCEAN-MANCHESTER TWP,5,Y,N,N,2,99,5,,,,,,,,,50,,N
15-18-2017-M17-10808,OCEAN-MANCHESTER TWP,5,N,Y,N,4,11,5,2,4,2,1,7,1,5,1,40,60,N
15-18-2017-2017-290,OCEAN-MANCHESTER TWP,4,Y,N,N,2,3,7,1,4,2,1,1,1,5,1,35,26,N
15-18-2017-2017-043,OCEAN-MANCHESTER TWP,5,N,N,N,4,11,2,1,4,2,2,1,2,5,1,50,56,N
15-18-2017-2017-411,OCEAN-MANCHESTER TWP,4,N,N,N,4,11,2,2,4,2,1,1,1,5,1,55,60,N
15-18-2017-M17-06653,OCEAN-MANCHESTER TWP,5,N,N,N,2,7,2,1,4,2,1,5,1,4,1,50,26,N
15-18-2017-2017-509,OCEAN-MANCHESTER TWP,4,N,N,N,4,4,5,3,4,2,2,3,2,5,1,50,26,N
15-18-2017-2017-282,OCEAN-MANCHESTER TWP,4,N,N,N,4,11,2,1,4,2,1,1,1,5,1,55,69,N
15-18-2017-2017-281,OCEAN-MANCHESTER TWP,5,N,N,N,2,1,2,1,4,2,1,7,1,5,1,50,26,N
15-20-2017-E030-2017-01013A,OCEAN-OCEAN TWP,5,N,N,N,4,11,3,1,4,2,2,5,2,3,1,65,60,N
15-20-2017-E030-2017-00495A,OCEAN-OCEAN TWP,4,N,N,N,3,10,3,1,5,2,1,1,1,1,1,65,1,N
15-23-2017-C060-2017-00644A,OCEAN-PLUMSTED TWP,5,N,N,N,8,15,4,3,4,5,1,5,1,5,1,25,39,N
15-25-2017-17-164,OCEAN-PT PLEASANT BEACH BORO,4,Y,N,N,2,3,2,1,4,2,2,6,2,5,1,35,26,N
15-25-2017-17-98,OCEAN-PT PLEASANT BEACH BORO,4,N,N,N,7,11,5,1,4,2,1,1,1,5,1,35,50,N
15-25-2017-17-102,OCEAN-PT PLEASANT BEACH BORO,4,Y,N,N,2,3,2,1,4,2,1,5,1,5,1,40,,N
15-26-2017-I-2017-05616,OCEAN-SEASIDE HEIGHTS BORO,4,Y,N,N,2,7,5,1,4,1,1,1,1,5,1,25,26,N
15-30-2017-I-2017-007549,OCEAN-STAFFORD TWP,5,Y,N,N,7,3,7,1,4,2,1,1,1,4,1,35,26,N
15-30-2017-I-2017-023089,OCEAN-STAFFORD TWP,4,N,N,N,4,11,2,1,4,2,2,1,2,3,1,55,60,N
15-30-2017-E030-2017-00739A,OCEAN-STAFFORD TWP,5,N,N,N,4,11,3,1,4,2,1,7,1,1,1,65,54,N
15-30-2017-E030-2017-00112A,OCEAN-STAFFORD TWP,4,N,N,N,4,99,3,3,6,2,1,1,1,3,1,65,60,N
15-07-2017-17-22265,OCEAN-TOMS RIVER TWP,4,N,N,N,2,1,2,1,4,2,1,1,5,1,1,50,26,N
15-07-2017-17-13856,OCEAN-TOMS RIVER TWP,4,N,N,N,2,1,7,1,4,2,1,1,1,,1,35,26,N
15-07-2017-17-15113,OCEAN-TOMS RIVER TWP,4,Y,N,N,2,7,5,1,4,2,1,1,1,5,1,45,26,N
15-07-2017-E030-2017-01136A,OCEAN-TOMS RIVER TWP,4,N,Y,N,7,11,3,1,4,2,1,7,1,1,1,55,48,N
15-07-2017-17-11735,OCEAN-TOMS RIVER TWP,4,N,N,N,1,13,2,1,4,2,1,7,1,2,1,50,22,N
15-07-2017-17-01626,OCEAN-TOMS RIVER TWP,4,N,N,N,7,11,5,1,4,2,2,2,1,5,1,50,56,N
15-07-2017-17-54141,OCEAN-TOMS RIVER TWP,5,Y,N,N,1,13,7,1,4,2,1,7,1,5,1,35,26,N
15-07-2017-17-03316,OCEAN-TOMS RIVER TWP,4,Y,N,N,7,2,5,1,4,1,2,6,5,5,1,45,26,N
15-07-2017-17-63510,OCEAN-TOMS RIVER TWP,4,N,N,N,7,11,2,1,4,2,1,1,1,1,1,50,56,N
15-07-2017-17-62516,OCEAN-TOMS RIVER TWP,5,N,N,N,1,13,5,1,4,2,1,6,1,5,1,35,26,N
15-07-2017-17-15960,OCEAN-TOMS RIVER TWP,4,Y,N,N,2,7,5,1,4,2,1,1,1,5,1,40,26,N
15-07-2017-17-44499,OCEAN-TOMS RIVER TWP,4,Y,N,N,1,13,2,1,4,2,1,6,1,5,1,35,26,N
15-07-2017-17-43092,OCEAN-TOMS RIVER TWP,5,N,N,N,3,10,5,3,6,2,1,6,1,5,1,40,69,N
15-07-2017-17-47131,OCEAN-TOMS RIVER TWP,5,Y,N,N,2,7,2,1,4,2,1,6,1,5,1,50,26,N
15-07-2017-C060-2017-01612A,OCEAN-TOMS RIVER TWP,4,N,Y,N,4,4,5,3,4,2,1,1,1,5,1,45,26,N
15-07-2017-17-45959,OCEAN-TOMS RIVER TWP,5,N,N,N,2,1,5,1,4,2,2,1,2,3,1,45,26,N
15-07-2017-17-57101,OCEAN-TOMS RIVER TWP,4,Y,N,N,2,3,5,1,4,2,2,1,2,2,,40,26,N
15-07-2017-17-12889,OCEAN-TOMS RIVER TWP,4,Y,N,N,4,3,5,1,5,2,1,6,1,,,45,26,N
15-07-2017-17-47795,OCEAN-TOMS RIVER TWP,4,N,N,N,5,14,5,1,4,2,1,1,1,4,1,45,21,N
15-07-2017-17-67689,OCEAN-TOMS RIVER TWP,4,Y,Y,N,1,13,2,1,4,2,1,6,1,5,1,50,22,N
15-07-2017-17-60370,OCEAN-TOMS RIVER TWP,4,N,N,N,4,11,5,1,4,2,1,1,5,2,1,50,46,N
15-07-2017-E030-2017-01101A,OCEAN-TOMS RIVER TWP,5,N,N,N,4,11,3,1,4,2,1,1,1,5,1,65,60,N
15-07-2017-17-64785,OCEAN-TOMS RIVER TWP,5,N,N,N,1,13,5,1,4,2,1,7,1,5,1,45,22,N
15-07-2017-17-69590,OCEAN-TOMS RIVER TWP,5,N,N,N,1,13,5,1,4,2,1,6,1,,1,45,22,N
15-07-2017-17-11955,OCEAN-TOMS RIVER TWP,5,N,Y,N,1,13,5,1,4,2,1,7,1,5,1,40,22,N
15-07-2017-17-12567,OCEAN-TOMS RIVER TWP,5,N,N,N,4,11,2,1,4,2,1,1,1,1,1,,56,N
15-07-2017-17-26104,OCEAN-TOMS RIVER TWP,5,N,N,N,3,3,5,1,4,2,1,1,1,5,1,40,26,N
15-07-2017-17-06654,OCEAN-TOMS RIVER TWP,4,N,N,N,5,14,7,1,4,2,1,5,1,,1,25,21,N
15-07-2017-17-43895,OCEAN-TOMS RIVER TWP,4,N,Y,N,7,11,2,1,4,2,1,1,1,2,1,50,56,N
15-07-2017-17-72745,OCEAN-TOMS RIVER TWP,5,N,N,N,1,13,5,1,4,2,1,7,1,5,1,30,22,N
15-07-2017-17-32275,OCEAN-TOMS RIVER TWP,4,Y,Y,N,2,1,2,1,4,2,1,7,1,1,2,50,26,N
15-07-2017-17-70160,OCEAN-TOMS RIVER TWP,5,N,N,N,1,13,2,1,4,2,1,2,1,2,1,50,22,N
16-02-2017-E040-2017-00499A,PASSAIC-CLIFTON CITY,4,N,N,N,4,11,3,2,5,2,1,5,1,1,1,55,52,N
16-02-2017-2017064551,PASSAIC-CLIFTON CITY,4,N,N,N,2,2,2,1,4,2,2,1,3,5,1,55,26,N
16-02-2017-2017018656,PASSAIC-CLIFTON CITY,4,N,N,N,2,1,2,3,4,2,1,1,1,5,1,55,26,N
16-02-2017-2017020555,PASSAIC-CLIFTON CITY,4,Y,N,N,2,3,7,1,4,2,1,1,1,5,1,25,26,N
16-02-2017-2017039074,PASSAIC-CLIFTON CITY,4,Y,N,N,2,3,5,1,4,2,2,1,1,4,1,25,26,N
16-02-2017-2017046035,PASSAIC-CLIFTON CITY,4,N,Y,N,2,1,2,1,4,2,1,6,1,1,1,55,26,N
16-02-2017-2017031947,PASSAIC-CLIFTON CITY,4,N,N,N,2,2,2,1,4,2,1,1,1,1,1,55,26,N
16-02-2017-2017025566,PASSAIC-CLIFTON CITY,4,Y,N,N,7,11,5,1,6,2,1,6,1,4,1,30,52,N
16-02-2017-2017021541,PASSAIC-CLIFTON CITY,4,Y,N,N,2,3,7,1,4,2,1,1,1,5,1,25,26,N
16-02-2017-2017023421,PASSAIC-CLIFTON CITY,4,N,N,N,7,11,2,1,4,2,1,1,1,5,2,,54,N
16-02-2017-2017061728,PASSAIC-CLIFTON CITY,4,N,N,N,1,1,2,1,4,2,1,5,1,1,1,50,26,N
16-02-2017-2017066589,PASSAIC-CLIFTON CITY,4,N,N,N,2,6,7,1,4,2,1,1,1,5,1,25,26,N
16-02-2017-2017059242,PASSAIC-CLIFTON CITY,5,N,N,N,2,6,5,1,4,2,1,6,1,4,1,30,26,N
16-02-2017-2017054425,PASSAIC-CLIFTON CITY,4,N,N,N,7,10,5,2,7,2,2,1,2,2,1,35,1,N
16-02-2017-2017049239,PASSAIC-CLIFTON CITY,4,N,N,N,2,1,5,1,4,2,1,1,1,5,1,35,26,N
16-02-2017-2017034380,PASSAIC-CLIFTON CITY,5,N,N,N,7,11,2,2,4,2,1,6,1,1,1,50,48,N
16-02-2017-2017029962,PASSAIC-CLIFTON CITY,4,Y,N,N,2,3,5,1,4,2,1,1,1,5,1,25,26,N
16-02-2017-2017021892,PASSAIC-CLIFTON CITY,4,N,N,N,7,6,2,1,4,1,1,1,1,1,2,50,26,N
16-02-2017-2017029940,PASSAIC-CLIFTON CITY,4,N,N,N,1,13,7,1,5,2,1,1,1,5,1,25,22,N
16-04-2017-17-24440,PASSAIC-HAWTHORNE BORO,4,N,N,N,4,11,7,1,6,2,1,1,1,5,1,25,,N
16-04-2017-17-18309,PASSAIC-HAWTHORNE BORO,4,N,N,N,7,1,2,1,6,2,1,1,1,1,1,55,26,N
16-04-2017-17-12738,PASSAIC-HAWTHORNE BORO,4,N,N,N,7,2,2,1,4,2,2,1,2,1,1,55,26,N
16-05-2017-17-05623,PASSAIC-LITTLE FALLS TWP,4,N,N,N,2,1,2,1,6,2,1,1,1,1,1,50,26,N
16-05-2017-17-05967,PASSAIC-LITTLE FALLS TWP,4,N,N,N,3,10,2,1,5,2,1,1,1,1,1,50,1,N
16-06-2017-17-3062,PASSAIC-NORTH HALEDON BORO,4,Y,N,N,2,2,5,1,4,2,2,1,1,5,1,40,26,N
16-07-2017-17-55384,PASSAIC-PASSAIC CITY,4,N,N,N,2,3,7,1,4,2,1,4,1,5,1,25,26,N
16-07-2017-17-03278,PASSAIC-PASSAIC CITY,4,N,N,N,7,11,2,3,6,2,4,1,1,5,1,15,45,N
16-07-2017-17-43774,PASSAIC-PASSAIC CITY,4,Y,N,N,7,2,2,1,4,1,1,1,1,1,1,55,26,N
16-07-2017-17-52997,PASSAIC-PASSAIC CITY,4,Y,N,N,1,13,5,1,4,2,1,6,1,4,1,25,22,N
16-07-2017-17-47833,PASSAIC-PASSAIC CITY,4,N,N,N,3,10,7,1,5,2,1,1,1,1,1,25,1,N
16-07-2017-17-00052,PASSAIC-PASSAIC CITY,4,N,N,N,2,6,2,3,6,1,1,6,1,1,1,55,28,N
16-08-2017-2017-007027,PASSAIC-PATERSON CITY,4,N,N,N,4,13,5,1,4,2,2,6,2,5,1,,,N
16-08-2017-2017-097946,PASSAIC-PATERSON CITY,5,Y,N,N,2,4,5,1,4,2,1,1,1,4,1,25,26,N
16-08-2017-17-077810,PASSAIC-PATERSON CITY,4,N,N,N,2,6,7,1,4,2,1,6,1,5,,25,,N
16-08-2017-17-067044,PASSAIC-PATERSON CITY,4,Y,N,N,2,1,7,1,4,2,1,6,1,4,1,25,26,N
16-08-2017-17-108135,PASSAIC-PATERSON CITY,5,N,N,N,1,13,9,2,4,2,1,7,1,5,1,,26,N
16-08-2017-B060-2017-00355A,PASSAIC-PATERSON CITY,5,N,N,N,7,11,1,3,4,2,1,1,1,1,1,55,48,N
16-08-2017-17-5900,PASSAIC-PATERSON CITY,5,N,N,N,1,13,10,,4,2,2,6,2,5,1,15,22,N
16-08-2017-17-018507,PASSAIC-PATERSON CITY,4,N,N,N,2,7,5,1,4,2,2,1,2,4,1,25,,N
16-08-2017-17-004597,PASSAIC-PATERSON CITY,5,N,N,N,1,13,7,1,,2,1,6,1,5,1,25,,N
16-08-2017-2017-108405,PASSAIC-PATERSON CITY,4,N,N,N,7,11,7,1,4,2,1,6,1,4,2,25,52,N
16-08-2017-2017-106713,PASSAIC-PATERSON CITY,5,N,Y,N,1,13,5,1,4,2,1,6,1,4,1,25,22,N
16-08-2017-17-081928,PASSAIC-PATERSON CITY,5,Y,Y,N,2,6,5,1,,2,1,7,1,5,1,25,,N
16-08-2017-17-54127,PASSAIC-PATERSON CITY,4,N,N,N,2,14,7,2,,2,1,1,1,5,1,25,21,N
16-08-2017-17-114296,PASSAIC-PATERSON CITY,4,N,N,N,1,13,7,1,4,2,1,6,1,5,1,25,22,N
16-08-2017-B060-2017-03910A,PASSAIC-PATERSON CITY,4,N,N,N,1,13,1,1,4,2,1,5,1,1,1,55,22,N
16-08-2017-2017-100925,PASSAIC-PATERSON CITY,5,Y,N,N,2,3,5,1,4,2,1,1,1,4,1,25,26,N
16-08-2017-B060-2017-03958A,PASSAIC-PATERSON CITY,5,N,N,N,2,6,1,1,4,2,1,5,1,1,1,55,26,N
16-08-2017-B060-2017-03838A,PASSAIC-PATERSON CITY,4,N,N,N,4,11,1,2,5,1,2,2,2,1,1,55,48,N
16-08-2017-17-053056,PASSAIC-PATERSON CITY,4,N,N,N,2,13,5,1,4,2,1,1,1,4,1,25,,N
16-08-2017-17-100130,PASSAIC-PATERSON CITY,4,Y,N,N,1,13,5,1,4,2,1,4,1,,1,25,22,N
16-08-2017-17-108560,PASSAIC-PATERSON CITY,5,N,N,N,7,11,2,2,6,2,1,6,1,1,1,45,56,N
16-08-2017-17-112200,PASSAIC-PATERSON CITY,4,Y,N,N,1,13,5,1,4,2,2,6,5,4,1,25,26,N
16-08-2017-2017-085002,PASSAIC-PATERSON CITY,5,N,N,N,2,6,7,1,5,2,1,6,1,5,1,25,26,N
16-08-2017-B060-2017-00697A,PASSAIC-PATERSON CITY,4,N,N,N,2,2,1,1,4,1,1,1,1,1,1,55,26,N
16-09-2017-2017000908,PASSAIC-POMPTON LAKES BORO,4,Y,N,N,1,13,5,1,4,2,1,1,1,5,1,25,26,N
16-09-2017-2017002082,PASSAIC-POMPTON LAKES BORO,4,N,N,N,7,11,8,1,4,1,1,1,1,5,1,,56,N
16-11-2017-I-2017-008487,PASSAIC-RINGWOOD BORO,4,N,N,N,4,11,7,1,4,2,1,5,1,5,1,25,58,N
16-11-2017-I-2017-007430,PASSAIC-RINGWOOD BORO,4,Y,N,N,2,3,5,1,5,2,1,1,1,5,1,45,26,N
16-12-2017-B060-2017-02704A,PASSAIC-TOTOWA BORO,4,N,N,N,7,11,1,1,4,2,2,1,2,1,1,55,46,N
16-13-2017-17-21643,PASSAIC-WANAQUE BORO,5,Y,N,N,1,13,7,2,4,2,1,1,1,5,,25,22,N
16-13-2017-17-03388,PASSAIC-WANAQUE BORO,4,Y,N,N,2,4,5,1,4,2,2,1,1,4,1,35,26,N
16-13-2017-I-2017-000262,PASSAIC-WANAQUE BORO,5,N,N,N,1,13,9,1,4,2,1,6,1,5,1,,22,N
16-14-2017-2017020841,PASSAIC-WAYNE TWP,5,N,N,N,4,11,5,2,4,2,2,7,2,5,1,40,60,N
16-14-2017-2017051091,PASSAIC-WAYNE TWP,4,N,N,N,1,13,9,3,4,5,1,4,1,5,1,,22,N
16-14-2017-2017013970,PASSAIC-WAYNE TWP,4,N,Y,N,7,1,5,2,6,2,1,1,1,5,1,35,26,N
16-14-2017-2017034600,PASSAIC-WAYNE TWP,5,N,N,N,6,12,5,1,6,2,1,6,1,5,1,25,24,N
16-14-2017-2017034633,PASSAIC-WAYNE TWP,5,Y,N,N,1,13,5,1,4,2,1,1,1,2,1,40,22,N
16-14-2017-2017032509,PASSAIC-WAYNE TWP,4,Y,N,N,2,7,5,1,4,2,1,1,1,5,1,35,26,N
16-14-2017-2017053322,PASSAIC-WAYNE TWP,4,Y,N,N,7,3,2,1,4,2,2,1,2,1,1,50,26,N
16-14-2017-2017042470,PASSAIC-WAYNE TWP,5,Y,N,N,2,7,5,1,4,2,1,1,1,5,1,40,26,N
16-14-2017-2017049765,PASSAIC-WAYNE TWP,4,Y,N,N,1,13,5,1,4,2,1,7,1,3,1,35,22,N
16-15-2017-17-9228-AC,PASSAIC-WEST MILFORD TWP,5,N,Y,N,4,11,5,2,4,2,1,5,5,5,1,40,60,N
16-15-2017-17-12242-AC,PASSAIC-WEST MILFORD TWP,4,N,N,N,4,11,5,3,5,2,1,5,1,5,1,40,,N
16-15-2017-17-6292-AC,PASSAIC-WEST MILFORD TWP,4,N,Y,N,4,11,7,2,6,2,2,1,1,5,1,40,60,N
16-15-2017-17-16203-AC,PASSAIC-WEST MILFORD TWP,4,N,Y,N,7,11,2,3,4,2,3,6,3,1,1,50,46,N
16-15-2017-17-5141-AC,PASSAIC-WEST MILFORD TWP,4,N,N,N,4,10,7,3,7,1,2,4,2,5,1,35,,N
16-15-2017-17-5287-AC,PASSAIC-WEST MILFORD TWP,5,N,N,N,4,11,7,1,4,2,1,5,1,5,1,35,60,N
16-15-2017-17-4407-AC,PASSAIC-WEST MILFORD TWP,4,Y,N,N,4,10,2,1,7,2,1,1,1,3,1,50,,N
16-16-2017-17-00695,PASSAIC-WOODLAND PARK BORO,5,N,Y,N,4,11,7,2,4,2,1,1,1,4,1,25,46,N
17-01-2017-A140-2017-00833A,SALEM-ALLOWAY TWP,4,N,N,N,4,11,5,1,4,2,1,7,1,5,1,50,52,N
17-01-2017-A140-2017-00755A,SALEM-ALLOWAY TWP,4,N,N,N,4,11,5,2,4,2,1,1,1,5,1,45,55,N
17-01-2017-A140-2017-00715A,SALEM-ALLOWAY TWP,5,N,N,N,4,4,5,1,7,2,1,1,1,5,1,50,26,N
17-13-2017-PV-2017-03495,SALEM-CARNEYS POINT TWP,5,N,N,N,2,4,5,1,4,2,1,5,1,5,1,50,26,N
17-13-2017-PV-2017-08312,SALEM-CARNEYS POINT TWP,5,N,N,N,4,4,5,1,4,2,1,3,1,5,1,45,26,N
17-13-2017-CP-2017-01867,SALEM-CARNEYS POINT TWP,5,N,N,N,4,11,5,1,4,2,1,1,1,5,1,30,52,N
17-13-2017-CP-2017-07889,SALEM-CARNEYS POINT TWP,4,Y,N,N,4,11,2,2,4,2,9,1,1,5,1,35,56,N
17-13-2017-CP-2017-00022,SALEM-CARNEYS POINT TWP,5,N,Y,N,4,11,7,1,4,2,1,3,1,5,1,45,52,N
17-05-2017-A140-2017-00403A,SALEM-MANNINGTON TWP,5,Y,Y,N,4,3,5,1,4,2,1,1,1,5,1,50,26,N
17-05-2017-A140-2017-00845A,SALEM-MANNINGTON TWP,5,N,N,N,4,11,5,3,4,2,1,1,1,5,1,50,61,N
17-06-2017-A140-2017-00002A,SALEM-OLDMANS TWP,4,N,N,N,4,11,1,1,4,2,2,1,1,3,1,65,60,N
17-06-2017-A140-2017-00529A,SALEM-OLDMANS TWP,5,N,N,N,4,11,2,1,4,2,1,1,1,5,1,50,1,N
17-06-2017-D020-2017-00036A,SALEM-OLDMANS TWP,5,N,N,N,4,99,3,1,4,2,1,2,1,1,1,65,12,N
17-07-2017-A140-2017-00120A,SALEM-PENNS GROVE BORO,5,N,N,N,3,10,7,1,4,2,1,6,1,5,1,25,1,N
17-09-2017-A140-2017-00230A,SALEM-PILESGROVE TWP,4,N,N,N,4,3,7,1,4,2,2,1,2,5,1,35,26,N
17-10-2017-A040-2017-00894A,SALEM-PITTSGROVE TWP,4,N,Y,N,7,11,5,1,4,2,1,7,1,5,1,50,50,N
17-10-2017-A040-2017-00412A,SALEM-PITTSGROVE TWP,5,N,Y,N,4,4,2,2,4,2,2,1,1,5,1,50,26,N
17-10-2017-A040-2017-00141A,SALEM-PITTSGROVE TWP,4,N,Y,N,4,11,5,1,4,2,1,1,1,5,1,50,50,N
17-11-2017-A140-2017-00483A,SALEM-QUINTON TWP,4,N,Y,N,4,5,2,2,6,2,2,1,2,5,1,50,26,N
17-11-2017-A140-2017-00544A,SALEM-QUINTON TWP,5,Y,N,N,2,3,2,1,4,2,1,1,1,5,1,50,26,N
17-12-2017-SC-2017-02068,SALEM-SALEM CITY,4,Y,N,N,8,3,5,1,,2,1,1,1,4,1,25,26,N
17-14-2017-A140-2017-00202A,SALEM-UPPER PITTSGROVE TWP,5,N,N,N,4,11,5,1,4,2,1,1,1,5,1,25,50,N
17-14-2017-A140-2017-00434A,SALEM-UPPER PITTSGROVE TWP,4,N,N,N,4,11,5,1,4,2,1,1,1,5,1,25,58,N
17-14-2017-A040-2017-00489A,SALEM-UPPER PITTSGROVE TWP,4,N,N,N,4,11,2,1,4,2,1,1,1,5,1,50,60,N
17-14-2017-A140-2017-00555A,SALEM-UPPER PITTSGROVE TWP,5,Y,N,N,2,3,2,2,4,2,2,1,2,2,1,50,26,N
17-14-2017-A140-2017-00751A,SALEM-UPPER PITTSGROVE TWP,5,Y,Y,N,4,3,2,1,4,2,1,1,1,5,1,50,26,N
17-15-2017-WB-2017-00417,SALEM-WOODSTOWN BORO,5,N,N,N,4,4,2,1,4,2,1,6,1,5,1,35,26,N
18-01-2017-B130-2017-03864A,SOMERSET-BEDMINSTER TWP,5,N,N,N,1,13,1,3,4,2,1,1,1,1,1,65,22,N
18-01-2017-17005273,SOMERSET-BEDMINSTER TWP,5,N,N,N,4,11,5,1,4,2,1,1,1,5,1,45,57,N
18-01-2017-B130-2017-03265A,SOMERSET-BEDMINSTER TWP,4,N,Y,N,4,11,1,3,4,2,1,1,1,3,1,55,60,N
18-02-2017-B130-2017-01784A,SOMERSET-BERNARDS TWP,5,N,N,N,4,4,1,1,4,2,2,2,5,3,1,65,50,N
18-02-2017-BT-2017-000954,SOMERSET-BERNARDS TWP,5,N,N,N,4,13,9,3,4,2,1,1,1,5,1,25,22,N
18-05-2017-17004220,SOMERSET-BRANCHBURG TWP,4,N,N,N,3,10,2,1,4,2,2,1,5,3,1,55,1,N
18-06-2017-B130-2017-02451A,SOMERSET-BRIDGEWATER TWP,5,N,N,N,2,2,1,1,4,2,1,1,1,1,1,65,26,N
18-06-2017-17052292,SOMERSET-BRIDGEWATER TWP,4,Y,N,N,7,3,5,1,4,2,2,1,1,5,1,45,26,N
18-06-2017-17223910,SOMERSET-BRIDGEWATER TWP,5,N,N,N,5,14,5,1,4,2,1,1,1,5,1,45,21,N
18-06-2017-17284262,SOMERSET-BRIDGEWATER TWP,4,Y,N,N,7,7,2,1,4,2,1,1,1,4,1,45,26,N
18-06-2017-17175226,SOMERSET-BRIDGEWATER TWP,5,N,N,N,4,4,5,1,4,2,1,1,1,5,1,35,26,N
18-06-2017-17286039,SOMERSET-BRIDGEWATER TWP,5,Y,N,N,2,7,5,2,7,2,1,1,0,5,1,45,26,N