crashid,location,severity_rating5,intersection,alcohol_involved,hazmat_involved,hs_collision_type,crash_type,road_sys_code,road_horiz_align_code,road_grade_code,road_surf_code,surf_cond_code,light_cond_code,environ_cond_code,road_median_code,temp_traffic_zone,posted_speed,first_harmful_event,flg_cell_in_use
18-06-2017-B130-2017-03335A,SOMERSET-BRIDGEWATER TWP,5,N,N,N,4,11,1,1,4,2,1,1,1,3,1,65,60,N
18-06-2017-17124971,SOMERSET-BRIDGEWATER TWP,5,N,N,N,4,10,9,1,4,2,1,6,1,5,1,25,60,N
18-06-2017-17011595,SOMERSET-BRIDGEWATER TWP,5,Y,N,N,1,13,2,1,4,1,1,7,1,3,1,55,22,N
18-06-2017-17076340,SOMERSET-BRIDGEWATER TWP,4,N,N,N,3,3,2,1,4,1,1,1,1,2,1,55,,N
18-08-2017-17056774,SOMERSET-FRANKLIN TWP,4,N,Y,N,4,11,5,1,4,2,1,2,1,5,1,45,61,N
18-08-2017-17056131,SOMERSET-FRANKLIN TWP,4,N,N,N,5,14,7,1,4,2,1,6,1,5,1,25,21,N
18-08-2017-17013690,SOMERSET-FRANKLIN TWP,5,Y,N,N,7,3,7,1,4,2,1,1,1,5,1,25,26,N
18-08-2017-17061870,SOMERSET-FRANKLIN TWP,5,N,N,N,6,12,5,1,5,2,1,7,1,5,1,45,24,N
18-08-2017-17057633,SOMERSET-FRANKLIN TWP,4,N,N,N,1,13,7,1,4,2,1,1,1,5,1,40,22,N
18-08-2017-17067816,SOMERSET-FRANKLIN TWP,4,Y,N,N,4,3,5,1,4,2,2,1,5,5,1,45,26,N
18-08-2017-17043649,SOMERSET-FRANKLIN TWP,4,Y,N,N,7,3,5,1,4,2,1,1,1,5,1,40,26,N
18-08-2017-17028433,SOMERSET-FRANKLIN TWP,5,N,N,N,1,13,7,1,4,2,1,1,1,2,1,25,22,N
18-08-2017-17046681,SOMERSET-FRANKLIN TWP,5,N,N,N,3,10,7,1,4,2,1,7,1,5,1,25,28,N
18-10-2017-17-2835,SOMERSET-HILLSBOROUGH TWP,5,N,N,N,1,13,9,1,4,2,1,6,1,5,1,,22,N
18-10-2017-2017-2574,SOMERSET-HILLSBOROUGH TWP,5,N,N,N,1,13,2,1,4,2,1,5,1,5,1,45,22,N
18-10-2017-2017-1258,SOMERSET-HILLSBOROUGH TWP,4,N,N,N,4,11,2,1,4,2,1,1,1,5,1,45,,N
18-11-2017-17123636,SOMERSET-MANVILLE BORO,4,N,N,N,2,13,7,1,4,2,1,1,1,5,1,25,22,N
18-11-2017-17047891,SOMERSET-MANVILLE BORO,5,Y,Y,N,1,13,7,1,5,2,1,6,1,5,1,25,22,N
18-11-2017-17261096,SOMERSET-MANVILLE BORO,4,N,N,N,7,11,5,3,4,2,1,6,1,2,1,35,56,N
18-13-2017-17021460,SOMERSET-MONTGOMERY TWP,4,Y,N,N,4,3,7,1,4,2,1,5,1,5,1,35,26,N
18-13-2017-17022736,SOMERSET-MONTGOMERY TWP,5,N,N,N,3,10,5,2,4,2,1,1,1,5,1,45,1,N
18-13-2017-17023940,SOMERSET-MONTGOMERY TWP,4,Y,N,N,4,3,5,3,5,2,2,1,5,5,1,45,26,N
18-13-2017-17008755,SOMERSET-MONTGOMERY TWP,4,N,N,N,4,11,7,2,5,2,1,1,1,5,1,35,52,N
18-13-2017-17022168,SOMERSET-MONTGOMERY TWP,4,N,Y,N,4,11,5,2,4,2,1,5,1,5,,50,60,Y
18-14-2017-I-N2017-005210,SOMERSET-NORTH PLAINFIELD BORO,4,Y,N,N,2,3,5,1,4,2,1,1,1,4,1,35,26,N
18-14-2017-I-N2017-009502,SOMERSET-NORTH PLAINFIELD BORO,4,N,Y,N,2,1,7,1,4,2,1,6,1,5,1,25,0,N
18-16-2017-17002832,SOMERSET-RARITAN BORO,5,N,Y,N,1,13,2,1,4,2,1,6,1,1,1,40,22,N
18-16-2017-17009160,SOMERSET-RARITAN BORO,4,N,N,N,1,13,5,1,4,2,1,1,1,5,1,25,26,N
18-18-2017-17001466,SOMERSET-SOMERVILLE BORO,4,Y,N,N,2,3,7,1,4,2,1,1,5,5,1,25,26,N
18-18-2017-17009683,SOMERSET-SOMERVILLE BORO,5,N,N,N,1,13,5,1,4,2,2,7,2,5,1,35,26,N
18-20-2017-B130-2017-03282A,SOMERSET-WARREN TWP,4,N,N,N,4,11,1,1,4,2,1,1,1,3,1,65,60,N
18-20-2017-B130-2017-02531A,SOMERSET-WARREN TWP,5,N,N,N,2,6,1,1,4,2,1,1,1,1,1,65,26,N
18-20-2017-B130-2017-03931A,SOMERSET-WARREN TWP,4,N,Y,N,4,11,1,1,4,2,2,7,2,3,1,65,58,N
18-20-2017-I-2017-016653,SOMERSET-WARREN TWP,4,N,N,N,5,14,5,1,4,2,1,1,1,5,1,40,21,N
18-20-2017-I-2017-005101,SOMERSET-WARREN TWP,4,N,Y,N,4,11,5,1,4,2,1,1,1,1,1,45,56,N
18-21-2017-17-24916,SOMERSET-WATCHUNG BORO,4,N,N,N,4,11,5,1,5,2,1,1,1,5,1,35,,N
18-21-2017-17-11867,SOMERSET-WATCHUNG BORO,5,N,N,N,7,99,5,2,5,2,2,1,1,5,1,35,26,N
18-21-2017-B130-2017-00745A,SOMERSET-WATCHUNG BORO,5,N,Y,N,4,11,1,1,4,2,1,1,1,3,1,65,60,N
18-21-2017-B130-2017-02216A,SOMERSET-WATCHUNG BORO,5,N,N,N,7,11,1,1,0,2,1,1,1,1,1,65,46,N
19-02-2017-I-2017-008217,SUSSEX-ANDOVER TWP,4,Y,N,N,3,10,5,2,5,2,1,1,1,4,1,45,1,N
19-05-2017-B050-2017-01309A,SUSSEX-FRANKFORD TWP,4,Y,N,N,4,3,2,1,6,2,1,1,1,5,1,45,26,N
19-05-2017-B050-2017-00447A,SUSSEX-FRANKFORD TWP,4,N,Y,N,4,11,5,2,6,2,1,5,5,5,1,35,69,N
19-08-2017-B050-2017-00369A,SUSSEX-GREEN TWP,4,N,N,N,4,10,5,2,4,2,1,1,1,5,1,45,1,N
19-08-2017-B050-2017-01050A,SUSSEX-GREEN TWP,5,N,N,N,4,11,5,3,4,2,1,5,1,5,1,45,60,N
19-10-2017-B050-2017-00862A,SUSSEX-HAMPTON TWP,4,N,N,N,2,1,2,1,4,2,1,1,1,5,1,50,26,N
19-10-2017-B050-2017-00603A,SUSSEX-HAMPTON TWP,5,N,N,N,4,11,5,1,4,2,1,1,1,5,1,45,46,N
19-12-2017-17-04631,SUSSEX-HOPATCONG BORO,4,N,N,N,7,11,8,1,6,5,1,1,1,5,1,25,57,N
19-13-2017-B050-2017-00662A,SUSSEX-LAFAYETTE TWP,5,N,N,N,4,11,7,1,6,2,1,1,1,5,1,35,59,N
19-13-2017-B050-2017-00942A,SUSSEX-LAFAYETTE TWP,5,N,Y,N,4,4,2,3,5,2,1,1,1,5,1,50,26,N
19-14-2017-B050-2017-00247A,SUSSEX-MONTAGUE TWP,4,N,N,N,4,11,7,2,6,2,2,1,2,5,1,35,60,N
19-14-2017-B050-2017-00858A,SUSSEX-MONTAGUE TWP,5,N,N,N,3,10,2,2,6,2,1,1,1,5,1,40,1,N
19-16-2017-OP2017-001649,SUSSEX-OGDENSBURG BORO,5,N,N,N,4,4,5,3,5,2,1,1,1,5,1,35,26,N
19-18-2017-ST2017-029595,SUSSEX-SPARTA TWP,5,N,N,N,4,4,5,3,4,2,1,2,1,5,1,50,26,N
19-19-2017-SB2017-002736,SUSSEX-STANHOPE BORO,4,N,N,N,2,6,7,3,6,2,1,1,1,5,,35,28,N
19-19-2017-SB2017-000094,SUSSEX-STANHOPE BORO,5,Y,N,N,1,13,2,1,6,2,1,6,1,5,1,40,,N
19-19-2017-SB2017-002713,SUSSEX-STANHOPE BORO,4,Y,N,N,2,7,2,3,5,2,1,6,1,5,1,30,26,N
19-20-2017-B050-2017-00688A,SUSSEX-STILLWATER TWP,4,N,N,N,4,11,5,3,6,2,1,5,1,5,1,35,60,N
19-21-2017-B050-2017-00194A,SUSSEX-SUSSEX BORO,4,Y,N,N,2,3,2,1,6,2,1,1,1,5,1,35,26,N
19-22-2017-17-15397,SUSSEX-VERNON TWP,4,N,N,N,4,11,7,1,5,2,1,1,1,5,1,30,60,N
19-24-2017-B050-2017-01407A,SUSSEX-WANTAGE TWP,4,N,N,N,4,11,5,2,6,2,2,5,1,5,1,45,58,N
19-24-2017-B050-2017-00413A,SUSSEX-WANTAGE TWP,4,N,Y,N,4,11,5,2,4,2,1,6,1,5,1,35,52,N
20-01-2017-I-2017-14429,UNION-BERKELEY HEIGHTS TWP,4,N,Y,N,4,99,5,2,5,2,1,6,1,5,1,35,60,N
20-01-2017-B130-2017-04779A,UNION-BERKELEY HEIGHTS TWP,5,N,N,N,7,11,1,1,0,2,1,5,1,1,1,65,46,N
20-02-2017-E040-2017-02368A,UNION-CLARK TWP,5,N,N,N,4,11,3,1,4,2,2,1,2,1,1,55,60,N
20-02-2017-E040-2017-05526A,UNION-CLARK TWP,4,N,N,N,2,2,3,1,4,2,1,4,1,1,1,55,26,N
20-02-2017-17-32902,UNION-CLARK TWP,4,N,Y,N,4,10,5,3,4,2,1,6,1,4,1,35,1,N
20-03-2017-17-29099,UNION-CRANFORD TWP,5,Y,Y,N,2,10,2,1,4,2,1,6,1,2,1,25,99,N
20-03-2017-17-18683,UNION-CRANFORD TWP,4,N,N,N,2,3,5,1,4,2,1,7,1,5,1,35,26,N
20-03-2017-E040-2017-01269A,UNION-CRANFORD TWP,5,N,Y,N,4,11,3,2,4,2,2,5,5,1,1,55,60,N
20-03-2017-17-57918,UNION-CRANFORD TWP,4,N,N,N,7,11,7,1,4,2,2,3,5,5,1,25,60,N
20-03-2017-17-34000,UNION-CRANFORD TWP,4,N,N,N,2,13,7,1,5,2,1,1,1,5,1,25,22,N
20-04-2017-17-064270,UNION-ELIZABETH CITY,4,Y,N,N,2,1,7,3,6,2,1,1,1,4,1,,,N
20-04-2017-D030-2017-02220A,UNION-ELIZABETH CITY,4,N,N,N,2,1,3,1,4,2,1,1,1,1,1,55,26,N
20-04-2017-17-058198,UNION-ELIZABETH CITY,4,Y,N,N,3,10,2,,5,2,1,6,1,1,1,,1,N
20-04-2017-17-092865,UNION-ELIZABETH CITY,5,N,N,N,2,4,2,3,5,2,1,6,1,4,1,,,N
20-04-2017-17-125582,UNION-ELIZABETH CITY,5,N,N,N,1,13,7,1,4,2,1,6,1,4,1,25,,N
20-04-2017-17-078518,UNION-ELIZABETH CITY,4,N,N,N,7,11,2,3,5,2,1,6,1,1,1,40,,N
20-04-2017-17-075554,UNION-ELIZABETH CITY,4,Y,N,N,2,14,5,1,4,2,1,1,1,5,1,,26,N
20-04-2017-17-022711,UNION-ELIZABETH CITY,5,N,N,N,1,13,2,1,4,2,2,6,1,4,1,50,,N
20-04-2017-17-139602,UNION-ELIZABETH CITY,4,N,N,N,2,1,7,1,4,2,1,1,1,5,1,,26,N
20-04-2017-17-065965,UNION-ELIZABETH CITY,4,N,N,N,3,5,7,1,4,2,1,6,1,5,1,25,26,N
20-04-2017-17-061278,UNION-ELIZABETH CITY,5,N,N,N,3,10,7,1,6,2,1,6,1,5,1,25,1,N
20-04-2017-17-001604,UNION-ELIZABETH CITY,4,Y,N,N,7,3,7,1,4,2,1,3,1,4,1,,26,N
20-04-2017-D030-2017-04111A,UNION-ELIZABETH CITY,5,N,N,N,4,11,3,1,4,2,1,1,1,1,1,55,48,N
20-04-2017-17-092109,UNION-ELIZABETH CITY,5,Y,N,N,3,10,2,3,4,2,1,6,1,1,1,,,N
20-04-2017-17-093298,UNION-ELIZABETH CITY,4,Y,N,N,2,2,2,1,4,2,2,7,1,1,1,40,26,N
20-04-2017-17-056133,UNION-ELIZABETH CITY,4,Y,N,N,2,13,2,1,4,2,2,6,2,2,1,45,22,N
20-04-2017-17-122355,UNION-ELIZABETH CITY,5,N,N,N,2,3,7,1,4,2,1,6,1,4,1,25,26,N
20-04-2017-17-046513,UNION-ELIZABETH CITY,5,N,N,N,2,13,2,1,4,2,1,1,1,1,1,,26,N
20-04-2017-17-008020,UNION-ELIZABETH CITY,4,Y,N,N,2,3,7,1,4,2,2,1,2,5,1,,,N
20-04-2017-17-126128,UNION-ELIZABETH CITY,5,N,N,N,2,3,7,1,4,2,1,6,1,5,,25,26,N
20-04-2017-17-092246,UNION-ELIZABETH CITY,4,Y,N,N,2,13,5,1,4,2,1,1,1,4,1,25,22,N
20-04-2017-17-042098,UNION-ELIZABETH CITY,5,N,N,N,7,11,7,1,6,2,1,1,1,2,1,,,N
20-04-2017-17-063724,UNION-ELIZABETH CITY,4,N,N,N,2,14,2,1,4,2,1,1,1,2,1,,21,N
20-04-2017-17-136716,UNION-ELIZABETH CITY,4,N,Y,N,2,6,9,3,6,2,2,6,1,1,1,,28,N
20-04-2017-17-077760,UNION-ELIZABETH CITY,5,Y,N,N,1,13,2,1,4,2,2,6,4,5,1,40,22,N
20-04-2017-17-037797,UNION-ELIZABETH CITY,5,Y,N,N,1,13,2,1,4,2,2,6,1,1,1,45,,N
20-04-2017-17-102156,UNION-ELIZABETH CITY,5,N,N,N,1,13,7,1,4,2,1,6,1,5,1,,22,N
20-07-2017-B130-2017-03672A,UNION-HILLSIDE TWP,4,N,N,N,2,2,1,1,4,2,1,1,1,1,1,65,56,N
20-07-2017-B130-2017-03163A,UNION-HILLSIDE TWP,4,N,N,N,4,11,1,1,4,2,1,7,1,1,1,65,99,N
20-07-2017-E040-2017-04252A,UNION-HILLSIDE TWP,4,N,N,N,2,6,3,3,5,2,2,1,2,1,1,55,26,N
20-07-2017-B130-2017-02869A,UNION-HILLSIDE TWP,5,N,N,N,1,13,1,3,4,2,2,1,5,2,1,65,26,N
20-07-2017-E040-2017-03816A,UNION-HILLSIDE TWP,4,N,N,N,7,11,3,1,4,2,1,1,1,1,1,55,48,N
20-09-2017-17025183,UNION-LINDEN CITY,4,N,N,N,2,13,7,1,4,2,1,1,1,5,2,,26,N
20-09-2017-17035828,UNION-LINDEN CITY,5,Y,N,N,2,1,2,1,4,2,1,6,1,2,1,45,26,N
20-09-2017-D030-2017-02303A,UNION-LINDEN CITY,5,N,N,N,2,2,3,1,4,2,1,1,1,1,1,55,26,N
20-09-2017-17057868,UNION-LINDEN CITY,5,Y,N,N,1,13,2,1,4,2,2,7,1,5,1,35,22,N
20-09-2017-17000157,UNION-LINDEN CITY,4,N,N,N,2,4,2,1,4,2,2,1,1,5,1,35,26,N
20-09-2017-17004650,UNION-LINDEN CITY,4,N,N,N,2,1,5,1,4,2,1,3,1,5,1,35,26,N
20-09-2017-17054526,UNION-LINDEN CITY,4,Y,N,N,1,13,2,1,4,1,1,7,1,2,1,45,26,N
20-09-2017-17017141,UNION-LINDEN CITY,4,Y,N,N,2,13,5,1,4,2,1,1,1,5,1,25,26,N
20-09-2017-17039811,UNION-LINDEN CITY,5,Y,N,N,1,13,2,1,4,1,1,1,1,5,1,35,22,N
20-09-2017-D030-2017-00332A,UNION-LINDEN CITY,5,N,N,N,7,11,3,1,4,2,2,6,5,1,1,55,47,N
20-09-2017-17053022,UNION-LINDEN CITY,4,N,N,N,2,13,9,1,4,3,1,1,1,5,1,,22,N
20-09-2017-17017299,UNION-LINDEN CITY,4,N,N,N,2,13,2,1,4,2,1,6,1,1,1,35,26,N
20-09-2017-17020853,UNION-LINDEN CITY,5,N,Y,N,1,13,7,1,4,2,1,7,1,5,1,25,22,N
20-09-2017-D030-2017-00058A,UNION-LINDEN CITY,5,N,N,N,2,1,3,1,4,2,1,6,1,1,1,55,26,N
20-09-2017-17025894,UNION-LINDEN CITY,4,Y,Y,N,2,3,5,1,4,2,1,6,1,5,1,25,26,N
20-09-2017-D030-2017-01735A,UNION-LINDEN CITY,4,N,N,N,7,11,3,1,6,2,1,1,1,1,1,55,46,N
20-12-2017-17002924,UNION-PLAINFIELD CITY,4,N,N,N,2,13,7,1,4,2,1,1,1,5,1,25,22,N
20-12-2017-17025165,UNION-PLAINFIELD CITY,5,N,N,N,7,11,7,1,4,2,1,1,1,5,1,35,52,N
20-12-2017-17-031726,UNION-PLAINFIELD CITY,4,N,N,N,7,11,5,1,4,2,1,2,1,5,1,35,52,N
20-12-2017-17004125,UNION-PLAINFIELD CITY,4,N,N,N,2,1,7,,4,2,2,6,1,5,1,35,26,N
20-12-2017-17045970,UNION-PLAINFIELD CITY,5,N,N,N,4,11,7,3,4,2,1,6,1,5,1,35,60,N
20-12-2017-17006193,UNION-PLAINFIELD CITY,4,N,Y,N,1,14,7,1,4,2,1,1,1,5,1,25,21,N
20-13-2017-17-22387,UNION-RAHWAY CITY,4,N,N,N,3,10,2,1,6,1,1,1,1,1,1,45,1,N
20-13-2017-17-45721,UNION-RAHWAY CITY,4,Y,N,N,2,4,7,1,4,2,1,1,1,5,1,25,26,N
20-13-2017-17-13331,UNION-RAHWAY CITY,4,Y,N,N,4,11,5,1,4,2,1,1,1,5,1,25,1,N
20-13-2017-17-01279,UNION-RAHWAY CITY,4,N,N,N,2,13,5,1,4,2,2,6,5,5,1,25,22,N
20-14-2017-17-20519,UNION-ROSELLE BORO,4,N,N,N,8,15,7,1,4,2,2,6,5,5,1,25,39,N
20-14-2017-17-29438,UNION-ROSELLE BORO,5,N,N,N,1,13,2,1,4,2,1,6,1,5,1,35,22,N
20-14-2017-17-26782,UNION-ROSELLE BORO,4,Y,N,N,2,3,7,1,4,2,1,6,1,5,1,25,26,N
20-15-2017-17-03020,UNION-ROSELLE PARK BORO,5,N,N,N,1,13,9,1,5,2,1,1,1,5,1,,22,N
20-15-2017-17-28558,UNION-ROSELLE PARK BORO,4,N,N,N,2,13,2,1,4,2,1,6,1,3,1,35,22,N
20-17-2017-I-2017-012227,UNION-SPRINGFIELD TWP,5,Y,N,N,4,11,2,2,4,2,1,1,1,1,1,35,,N
20-19-2017-UP-041141-17,UNION-UNION TWP,4,Y,N,N,5,14,7,3,4,2,1,1,1,4,1,25,21,N
20-19-2017-UP-058456-17,UNION-UNION TWP,4,N,N,N,2,1,2,1,4,2,1,1,1,,,40,26,N
20-19-2017-B130-2017-01366A,UNION-UNION TWP,5,N,N,N,2,10,1,1,4,2,1,1,1,1,1,65,28,N
20-19-2017-UP-04110-17UP-0566?,UNION-UNION TWP,4,Y,N,N,7,4,2,1,4,2,1,6,1,5,1,35,26,N
20-19-2017-E040-2017-03408A,UNION-UNION TWP,4,N,N,N,4,11,3,3,4,2,1,1,1,1,1,55,56,N
20-19-2017-UP-06001-17,UNION-UNION TWP,5,N,N,N,1,13,7,1,4,2,1,7,1,4,1,25,22,N
20-19-2017-B130-2017-01588A,UNION-UNION TWP,5,N,N,N,2,2,1,1,4,2,1,2,1,1,1,65,26,N
20-19-2017-17-3154,UNION-UNION TWP,4,N,N,N,2,2,2,1,5,2,2,6,2,1,1,45,26,N
20-19-2017-UP-01141-17,UNION-UNION TWP,5,Y,N,N,2,3,7,1,4,2,2,3,2,2,1,25,26,N
20-19-2017-17-13171,UNION-UNION TWP,4,N,N,N,7,11,2,1,4,2,1,6,1,1,1,45,48,N
20-19-2017-E040-2017-04711A,UNION-UNION TWP,4,N,N,N,2,1,3,1,4,2,1,1,1,1,1,55,26,N
20-19-2017-2017-5924,UNION-UNION TWP,5,N,N,N,1,13,2,1,4,2,1,1,1,5,1,45,26,N
20-19-2017-UP-02885-17UP-0404?,UNION-UNION TWP,4,Y,Y,N,7,11,5,1,4,2,2,6,5,5,1,25,52,N
20-19-2017-UP-04870-17UP-0662?,UNION-UNION TWP,4,N,Y,N,7,11,5,1,4,2,1,1,1,5,1,30,,N
20-20-2017-17-08764,UNION-WESTFIELD TOWN,5,N,N,N,1,13,5,1,4,2,1,6,1,5,1,35,22,N
20-20-2017-17-12963,UNION-WESTFIELD TOWN,4,Y,N,N,2,1,5,1,4,2,1,1,1,5,1,35,26,N
20-20-2017-17-18034,UNION-WESTFIELD TOWN,5,Y,N,N,4,11,5,1,4,2,1,1,1,5,1,35,52,N
21-01-2017-B020-2017-00132A,WARREN-ALLAMUCHY TWP,5,N,N,N,3,10,1,3,4,2,1,1,1,1,1,65,1,N
21-01-2017-B020-2017-00741A,WARREN-ALLAMUCHY TWP,4,N,N,N,4,11,1,2,5,2,2,6,2,3,1,65,60,N
21-01-2017-2017-007873,WARREN-ALLAMUCHY TWP,4,Y,N,N,2,1,5,1,4,2,1,1,1,4,1,45,26,N
21-01-2017-B020-2017-00613A,WARREN-ALLAMUCHY TWP,4,N,N,N,3,10,1,1,5,2,1,1,1,2,1,65,1,N
21-04-2017-2017-004035,WARREN-BLAIRSTOWN TWP,5,N,N,N,4,11,7,2,5,2,1,1,1,5,1,35,52,N
21-04-2017-2017-003461,WARREN-BLAIRSTOWN TWP,4,N,N,N,2,13,2,1,4,2,1,1,1,5,1,50,26,N
21-05-2017-B150-2017-00321A,WARREN-FRANKLIN TWP,4,N,N,N,4,11,7,3,4,2,1,5,1,4,1,45,52,N
21-07-2017-B110-2017-01196A,WARREN-GREENWICH TWP,5,N,N,N,4,2,1,1,6,2,1,6,1,1,1,65,26,N
21-07-2017-B110-2017-01035A,WARREN-GREENWICH TWP,4,N,Y,N,4,11,1,1,4,2,2,1,2,3,1,65,60,N
21-08-2017-2017-009046,WARREN-HACKETTSTOWN TOWN,4,Y,N,N,2,3,7,1,4,2,1,1,1,5,1,25,26,N
21-08-2017-2017-006798,WARREN-HACKETTSTOWN TOWN,5,N,Y,N,1,13,7,1,4,2,2,7,2,,1,25,22,N
21-11-2017-B020-2017-00228A,WARREN-HOPE TWP,4,N,N,N,4,1,1,3,5,2,2,1,2,1,1,65,26,N
21-11-2017-B020-2017-00303A,WARREN-HOPE TWP,4,N,N,N,4,11,1,2,6,2,1,1,1,1,1,65,56,N
21-11-2017-B020-2017-00278A,WARREN-HOPE TWP,5,N,N,N,4,11,1,1,5,2,2,1,2,3,1,65,60,N
21-13-2017-B020-2017-00892A,WARREN-KNOWLTON TWP,5,N,Y,N,4,11,1,1,4,2,1,1,1,3,1,65,60,N
21-13-2017-B020-2017-00242A,WARREN-KNOWLTON TWP,4,N,N,N,4,13,7,1,4,2,1,1,1,5,1,25,11,N
21-13-2017-B020-2017-00222A,WARREN-KNOWLTON TWP,5,N,N,N,4,2,1,3,6,2,1,5,1,1,1,65,26,N
21-15-2017-2017-009652,WARREN-LOPATCONG TWP,4,N,N,N,4,11,2,1,4,2,1,1,1,5,1,50,52,N
21-15-2017-2017-009174,WARREN-LOPATCONG TWP,4,N,N,N,4,4,5,1,4,2,1,7,1,5,1,50,27,N
21-15-2017-2017-005229,WARREN-LOPATCONG TWP,5,N,N,N,1,13,5,1,4,2,1,1,1,5,1,50,26,N
21-16-2017-2017-003333,WARREN-MANSFIELD TWP,4,N,N,N,4,4,2,3,6,2,1,1,1,5,1,45,26,N
21-17-2017-2017-010665,WARREN-OXFORD TWP,4,N,N,N,4,5,2,1,4,2,1,1,1,5,1,45,26,N
21-17-2017-2017-018325,WARREN-OXFORD TWP,5,N,N,N,4,11,5,3,4,2,1,5,1,5,1,40,60,N
21-17-2017-2017-000130,WARREN-OXFORD TWP,5,N,N,N,4,11,5,2,6,2,2,1,2,5,1,40,60,N
21-19-2017-2017-017414,WARREN-PHILLIPSBURG TOWN,4,N,N,N,2,9,2,1,6,2,1,1,1,1,1,35,26,N
21-19-2017-2017-001551,WARREN-PHILLIPSBURG TOWN,4,N,Y,N,7,11,7,2,4,2,1,1,1,1,1,25,48,N
21-19-2017-2017-022050,WARREN-PHILLIPSBURG TOWN,4,N,N,N,4,11,7,2,4,2,1,6,1,5,1,25,,N
21-20-2017-B110-2017-00609A,WARREN-POHATCONG TWP,5,N,N,N,4,11,3,1,4,2,1,1,1,1,1,65,1,N
21-20-2017-2017-007387,WARREN-POHATCONG TWP,4,N,N,N,5,14,5,1,4,2,1,1,1,5,1,50,26,N
21-20-2017-B110-2017-00591A,WARREN-POHATCONG TWP,5,N,N,N,4,11,3,1,4,2,1,1,1,1,1,65,46,N
21-20-2017-2017-008303,WARREN-POHATCONG TWP,4,Y,Y,N,7,11,5,1,4,2,1,7,1,5,1,45,43,N
21-22-2017-2017-018001,WARREN-WASHINGTON TWP,4,N,N,N,2,1,2,1,4,2,1,1,1,5,1,50,26,N
21-22-2017-2017-010663,WARREN-WASHINGTON TWP,5,N,N,N,4,11,9,1,4,2,1,1,1,5,1,,54,N
21-22-2017-2017-007281,WARREN-WASHINGTON TWP,4,N,N,N,4,4,2,1,4,2,1,1,6,5,1,50,26,N
21-23-2017-B150-2017-00294A,WARREN-WHITE TWP,4,N,N,N,4,11,5,2,4,2,1,1,1,5,1,40,60,N
21-23-2017-B150-2017-00053A,WARREN-WHITE TWP,4,N,N,N,2,1,2,1,4,2,1,6,1,5,2,50,26,N